-- phpMyAdmin SQL Dump
-- version 5.2.1
-- https://www.phpmyadmin.net/
--
-- Servidor: 127.0.0.1
-- Tiempo de generación: 03-07-2025 a las 21:27:24
-- Versión del servidor: 10.4.32-MariaDB
-- Versión de PHP: 8.2.12

SET SQL_MODE = "NO_AUTO_VALUE_ON_ZERO";
START TRANSACTION;
SET time_zone = "+00:00";


/*!40101 SET @OLD_CHARACTER_SET_CLIENT=@@CHARACTER_SET_CLIENT */;
/*!40101 SET @OLD_CHARACTER_SET_RESULTS=@@CHARACTER_SET_RESULTS */;
/*!40101 SET @OLD_COLLATION_CONNECTION=@@COLLATION_CONNECTION */;
/*!40101 SET NAMES utf8mb4 */;

--
-- Base de datos: `v4`
--

-- --------------------------------------------------------

--
-- Estructura de tabla para la tabla `cuentas`
--

CREATE TABLE `cuentas` (
  `id` int(11) NOT NULL,
  `correo` varchar(255) NOT NULL,
  `contrasena_correo` varchar(255) NOT NULL,
  `contrasena_gpt` varchar(255) NOT NULL,
  `codigo` varchar(50) DEFAULT NULL,
  `fecha_inicio` date NOT NULL,
  `fecha_fin` date DEFAULT NULL,
  `dias` int(11) DEFAULT NULL,
  `usuarios` int(11) DEFAULT 0,
  `ganancia` decimal(10,2) DEFAULT NULL,
  `costo` decimal(10,2) NOT NULL,
  `estado` enum('activa','inactiva','suspendida','baneada') DEFAULT 'activa',
  `created_at` timestamp NOT NULL DEFAULT current_timestamp(),
  `updated_at` timestamp NOT NULL DEFAULT current_timestamp() ON UPDATE current_timestamp()
) ENGINE=InnoDB DEFAULT CHARSET=utf8mb4 COLLATE=utf8mb4_general_ci;

--
-- Volcado de datos para la tabla `cuentas`
--

INSERT INTO `cuentas` (`id`, `correo`, `contrasena_correo`, `contrasena_gpt`, `codigo`, `fecha_inicio`, `fecha_fin`, `dias`, `usuarios`, `ganancia`, `costo`, `estado`, `created_at`, `updated_at`) VALUES
(24, 'restj@outlook.es', '09876a43bS', '87a6sfx34bnFjgd', 'YXNW9BHT2W3XTR5CNRAQ2XFPEFCMXC', '2025-06-02', '2025-07-02', NULL, 0, NULL, 139.40, 'activa', '2025-07-01 14:55:40', '2025-07-01 23:29:57'),
(25, 'juandr2023@outlook.es', 'mP4tN6gV', '36542hjbsdff', 'W4XMWNS7YGSDQGBSGN7AVT69QNGRPR2', '2025-06-05', '2025-07-05', NULL, 0, NULL, 139.40, 'activa', '2025-07-01 14:55:40', '2025-07-01 14:55:40'),
(26, 'samaelme@hotmail.com', 'servistor9@gmail.com', '676asdf3nmkrp', 'Z8KVN7KBM6E6WAQ8VBPPRTT5VA9KBX', '2025-06-09', '2025-07-09', NULL, 0, NULL, 139.40, 'activa', '2025-07-01 14:55:40', '2025-07-01 14:55:40'),
(27, 'anaded1@outlook.es', 'DSqwf47z', '67a4jsndb', 'XFR5BJQAJFAXQT5A57AJQ1NLDM5Q3Y28MQ', '2025-06-13', '2025-07-13', NULL, 0, NULL, 139.40, 'activa', '2025-07-01 14:55:40', '2025-07-01 23:29:33'),
(28, 'newmarck5@outlook.com', 'GHsb3bsJbn32', '762345bnFhbfa', 'v6NQB6YSKARTQY26GYDPDCT4CM8BUE', '2025-06-18', '2025-07-18', NULL, 0, NULL, 139.40, 'activa', '2025-07-01 14:55:40', '2025-07-01 14:55:40'),
(29, 'emei2d@outlook.com', 'M5VJF69&Z', '678asfnb4z34', '4A35V5SQP3HPUFKP84ZW2W6S3D7V6Z', '2025-06-19', '2025-07-19', NULL, 0, NULL, 139.40, 'activa', '2025-07-01 14:55:40', '2025-07-01 23:29:11'),
(30, 'samzepio@outlook.es', 'ssf2H4Bqf5Grez3', '243266GFXZf1', 'R59BZQ5XRMGZGNHNDNF4SEW8M5ME63', '2025-06-25', '2025-07-25', NULL, 0, NULL, 139.40, 'activa', '2025-07-01 14:55:40', '2025-07-01 16:24:44'),
(31, 'eduarta79@outlook.com', 'B9C2D45', '87634bgsbnGS', 'CVVY38SCEMGQ4RFNFYEKTCAN4UBGNA3KQ', '2025-07-01', '2025-07-31', NULL, 0, NULL, 139.40, 'activa', '2025-07-01 14:55:40', '2025-07-02 00:48:07'),
(32, 'servistor9@gmail.com', 'pass', '\"Ingresa a la página con el correo y le pasaré el código cuando le pida\"', '', '2025-07-02', '2025-08-01', NULL, 0, NULL, 6.25, 'activa', '2025-07-02 13:38:13', '2025-07-02 13:45:39'),
(33, 'alwas1@outlook.es', 'as89f7h43bds', '87634fbfSFF11', NULL, '2025-07-02', '2025-08-01', NULL, 0, NULL, 139.40, 'activa', '2025-07-02 15:32:28', '2025-07-02 15:32:28');

-- --------------------------------------------------------

--
-- Estructura de tabla para la tabla `extensiones_ventas`
--

CREATE TABLE `extensiones_ventas` (
  `id` int(11) NOT NULL,
  `venta_id` int(11) NOT NULL,
  `dias_adicionales` int(11) NOT NULL,
  `vendedor_id` int(11) NOT NULL,
  `fecha_extension` datetime DEFAULT current_timestamp(),
  `motivo` text DEFAULT NULL
) ENGINE=InnoDB DEFAULT CHARSET=utf8mb4 COLLATE=utf8mb4_general_ci;

-- --------------------------------------------------------

--
-- Estructura de tabla para la tabla `vendedores`
--

CREATE TABLE `vendedores` (
  `id` int(11) NOT NULL,
  `usuario` varchar(255) NOT NULL,
  `contrasena` varchar(255) NOT NULL,
  `activo` tinyint(1) DEFAULT 1,
  `created_at` timestamp NOT NULL DEFAULT current_timestamp(),
  `updated_at` timestamp NOT NULL DEFAULT current_timestamp() ON UPDATE current_timestamp()
) ENGINE=InnoDB DEFAULT CHARSET=utf8mb4 COLLATE=utf8mb4_general_ci;

--
-- Volcado de datos para la tabla `vendedores`
--

INSERT INTO `vendedores` (`id`, `usuario`, `contrasena`, `activo`, `created_at`, `updated_at`) VALUES
(1, 'admin', '$2y$10$u7y5rL6f9O8QzT8wRz1Q9eQZpQ4sO1kW8cQ2tU7wG5yK3wA1xYzQ9e', 1, '2025-05-07 16:40:23', '2025-05-07 16:40:23'),
(2, 'juan', '$2y$10$QW8hJ4kL9u7eT8rF6gH5sO2lP3qW1vN2bC4xZ8aS6dF7jH3kL5nM1b', 1, '2025-05-07 16:40:23', '2025-05-07 16:40:23'),
(3, 'maria', '$2y$10$Z1xY2wV3uT4rS5qP6oN7mL8kJ9hG0fE1dC2bA3zX4yW5vU6tR7sQ8p', 1, '2025-05-07 16:40:23', '2025-05-07 16:40:23'),
(4, 'jimi', '$2y$10$w8npR/p6MQFy2C7yk6Is7.W8lxuGxSGycSfOTLQ8ntTVu8yLZxY4W', 1, '2025-05-08 13:13:37', '2025-05-08 13:16:32'),
(5, '', '$2y$10$SY0prLj9Finr6i69MfThDOexZq20hJH/wJj7Ai14m77z2ZrjtQGz.', 1, '2025-05-08 13:43:29', '2025-05-08 13:43:29'),
(6, 'joe', '$2y$10$UlB.2TDdDBfWh7EqMwXlP.HnZ3Qfo1dNhM4UozZk42OKlIHjAZs12', 1, '2025-05-08 13:47:13', '2025-05-08 13:47:13'),
(7, 'joe1', '$2y$10$OhaydP7EBninc8R5j02IJO8yFdVeGhJ2L5Z7fJ1kLhL5x8NR5Qm0G', 1, '2025-06-27 03:28:20', '2025-06-27 03:38:05');

-- --------------------------------------------------------

--
-- Estructura de tabla para la tabla `ventas`
--

CREATE TABLE `ventas` (
  `id` int(11) NOT NULL,
  `numero_celular` varchar(20) NOT NULL,
  `vendedor_id` int(11) NOT NULL,
  `fecha_inicio` date NOT NULL,
  `fecha_fin` date NOT NULL,
  `pago` decimal(10,2) NOT NULL,
  `cuenta_id` int(11) NOT NULL,
  `dias` int(11) GENERATED ALWAYS AS (to_days(`fecha_fin`) - to_days(`fecha_inicio`)) STORED,
  `created_at` timestamp NOT NULL DEFAULT current_timestamp(),
  `updated_at` timestamp NOT NULL DEFAULT current_timestamp() ON UPDATE current_timestamp()
) ENGINE=InnoDB DEFAULT CHARSET=utf8mb4 COLLATE=utf8mb4_general_ci;

--
-- Volcado de datos para la tabla `ventas`
--

INSERT INTO `ventas` (`id`, `numero_celular`, `vendedor_id`, `fecha_inicio`, `fecha_fin`, `pago`, `cuenta_id`, `created_at`, `updated_at`) VALUES
(346, '77208159', 1, '2025-06-02', '2025-08-01', 52.00, 24, '2025-07-01 15:53:51', '2025-07-01 15:53:51'),
(347, '79955450', 1, '2025-06-02', '2025-07-02', 26.00, 24, '2025-07-01 15:53:51', '2025-07-01 15:53:51'),
(348, '67560909', 1, '2025-06-02', '2025-07-02', 26.00, 24, '2025-07-01 15:53:51', '2025-07-01 15:53:51'),
(349, '73751052', 1, '2025-06-02', '2025-07-02', 26.00, 24, '2025-07-01 15:53:51', '2025-07-01 15:53:51'),
(350, '62636695', 1, '2025-06-02', '2025-07-02', 26.00, 24, '2025-07-01 15:53:51', '2025-07-01 15:53:51'),
(351, '62636695', 1, '2025-06-02', '2025-07-02', 26.00, 24, '2025-07-01 15:53:51', '2025-07-01 15:53:51'),
(352, '69658398', 1, '2025-06-02', '2025-07-02', 26.00, 24, '2025-07-01 15:53:51', '2025-07-01 15:53:51'),
(353, '72007646', 1, '2025-06-02', '2025-07-02', 26.00, 24, '2025-07-01 15:53:51', '2025-07-01 15:53:51'),
(354, '74018766', 1, '2025-06-02', '2025-07-02', 26.00, 24, '2025-07-01 15:53:51', '2025-07-01 15:53:51'),
(355, '78150013', 1, '2025-06-03', '2025-07-03', 26.00, 24, '2025-07-01 15:53:51', '2025-07-01 15:53:51'),
(356, '67494743', 1, '2025-06-04', '2025-07-04', 26.00, 24, '2025-07-01 15:53:51', '2025-07-01 15:53:51'),
(357, '60717479', 1, '2025-06-03', '2025-07-03', 26.00, 24, '2025-07-01 15:53:51', '2025-07-01 15:53:51'),
(358, '67494743', 1, '2025-06-03', '2025-07-03', 26.00, 24, '2025-07-01 15:53:51', '2025-07-01 15:53:51'),
(359, '75970975', 1, '2025-06-03', '2025-07-03', 26.00, 24, '2025-07-01 15:53:51', '2025-07-01 15:53:51'),
(360, '60790425', 1, '2025-06-05', '2025-07-05', 26.00, 25, '2025-07-01 16:09:35', '2025-07-01 16:09:35'),
(361, '74218123', 1, '2025-06-05', '2025-07-05', 26.00, 25, '2025-07-01 16:09:35', '2025-07-01 16:09:35'),
(362, '71547747', 1, '2025-06-05', '2025-07-05', 26.00, 25, '2025-07-01 16:09:35', '2025-07-01 16:09:35'),
(363, '69877427', 1, '2025-06-05', '2025-07-05', 26.00, 25, '2025-07-01 16:09:35', '2025-07-01 16:09:35'),
(364, '70436632', 1, '2025-06-05', '2025-09-03', 26.00, 25, '2025-07-01 16:09:35', '2025-07-01 16:09:35'),
(365, '63138856', 1, '2025-05-02', '2025-07-31', 75.00, 25, '2025-07-01 16:09:35', '2025-07-01 16:09:35'),
(366, '69414193', 1, '2025-06-06', '2025-07-06', 26.00, 25, '2025-07-01 16:09:35', '2025-07-01 16:09:35'),
(367, '67357202', 1, '2025-06-08', '2025-07-08', 26.00, 25, '2025-07-01 16:09:35', '2025-07-01 16:09:35'),
(368, '65647199', 1, '2025-06-08', '2025-07-08', 26.00, 25, '2025-07-01 16:09:35', '2025-07-01 16:09:35'),
(369, '65034450', 1, '2025-06-08', '2025-09-06', 26.00, 25, '2025-07-01 16:09:35', '2025-07-01 16:09:35'),
(370, '77449266', 1, '2025-06-09', '2025-07-09', 26.00, 25, '2025-07-01 16:09:35', '2025-07-01 16:09:35'),
(371, '74802644', 1, '2025-06-09', '2025-07-09', 26.00, 25, '2025-07-01 16:09:35', '2025-07-01 16:09:35'),
(372, '67475523', 1, '2025-06-08', '2025-07-08', 26.00, 25, '2025-07-01 16:09:35', '2025-07-01 16:09:35'),
(373, '73767500', 1, '2025-06-09', '2025-07-09', 26.00, 25, '2025-07-01 16:09:35', '2025-07-01 16:09:35'),
(374, '78349311', 1, '2025-06-09', '2025-07-09', 26.00, 25, '2025-07-01 16:09:35', '2025-07-01 16:09:35'),
(375, '62636939', 1, '2025-06-09', '2025-07-09', 26.00, 25, '2025-07-01 16:09:35', '2025-07-01 16:09:35'),
(376, '67716220', 1, '2025-06-09', '2025-07-09', 26.00, 25, '2025-07-01 16:09:35', '2025-07-01 16:09:35'),
(377, '76991518', 1, '2025-06-09', '2025-09-07', 75.00, 26, '2025-07-01 16:10:28', '2025-07-01 16:10:28'),
(378, '62689870', 1, '2025-06-09', '2025-07-09', 75.00, 26, '2025-07-01 16:10:28', '2025-07-01 16:10:28'),
(379, '68612334', 1, '2025-06-10', '2025-09-08', 75.00, 26, '2025-07-01 16:10:28', '2025-07-01 16:10:28'),
(380, '74221152', 1, '2025-06-10', '2025-07-10', 75.00, 26, '2025-07-01 16:10:28', '2025-07-01 16:10:28'),
(381, '67684644', 1, '2025-06-10', '2025-07-10', 26.00, 26, '2025-07-01 16:10:28', '2025-07-01 16:10:28'),
(382, '61214567', 1, '2025-06-10', '2025-07-10', 26.00, 26, '2025-07-01 16:10:28', '2025-07-01 16:10:28'),
(383, '72892087', 1, '2025-06-10', '2025-07-10', 26.00, 26, '2025-07-01 16:10:28', '2025-07-01 16:10:28'),
(384, '63100861', 1, '2025-06-11', '2025-07-11', 26.00, 26, '2025-07-01 16:10:28', '2025-07-01 16:10:28'),
(385, '60752491', 1, '2025-06-11', '2025-07-11', 26.00, 26, '2025-07-01 16:10:28', '2025-07-01 16:10:28'),
(386, '67869797', 1, '2025-06-11', '2025-07-11', 26.00, 26, '2025-07-01 16:10:28', '2025-07-01 16:10:28'),
(387, '76312363', 1, '2025-06-12', '2025-07-12', 26.00, 26, '2025-07-01 16:10:28', '2025-07-01 16:10:28'),
(388, '72301708', 1, '2025-05-10', '2025-08-08', 26.00, 26, '2025-07-01 16:10:28', '2025-07-01 16:10:28'),
(389, '65716577', 1, '2025-06-12', '2025-07-12', 26.00, 26, '2025-07-01 16:10:28', '2025-07-01 16:10:28'),
(390, '68350069', 1, '2025-06-12', '2025-07-12', 26.00, 26, '2025-07-01 16:10:28', '2025-07-01 16:10:28'),
(391, '77042035', 1, '2025-06-12', '2025-07-12', 26.00, 26, '2025-07-01 16:10:28', '2025-07-01 16:10:28'),
(392, '67213747', 1, '2025-06-12', '2025-07-12', 26.00, 26, '2025-07-01 16:10:28', '2025-07-01 16:10:28'),
(393, '77234756', 1, '2025-06-13', '2025-07-13', 26.00, 27, '2025-07-01 16:11:55', '2025-07-01 16:11:55'),
(394, '69414168', 1, '2025-06-13', '2025-07-13', 26.00, 27, '2025-07-01 16:11:55', '2025-07-01 16:11:55'),
(395, '67439775', 1, '2025-06-13', '2025-07-13', 26.00, 27, '2025-07-01 16:11:55', '2025-07-01 16:11:55'),
(396, '63354705', 1, '2025-06-14', '2025-07-14', 26.00, 27, '2025-07-01 16:11:55', '2025-07-01 16:11:55'),
(397, '77993385', 1, '2025-06-14', '2025-07-14', 26.00, 27, '2025-07-01 16:11:55', '2025-07-01 16:11:55'),
(398, '65303366', 1, '2025-06-15', '2025-07-15', 26.00, 27, '2025-07-01 16:11:55', '2025-07-01 16:11:55'),
(399, '76504541', 1, '2025-06-15', '2025-07-15', 26.00, 27, '2025-07-01 16:11:55', '2025-07-01 16:11:55'),
(400, '70436632', 1, '2025-06-16', '2025-09-14', 75.00, 27, '2025-07-01 16:11:55', '2025-07-01 16:11:55'),
(401, '76426052', 1, '2025-06-16', '2025-07-16', 26.00, 27, '2025-07-01 16:11:55', '2025-07-01 16:11:55'),
(402, '72007597', 1, '2025-06-17', '2025-07-17', 26.00, 27, '2025-07-01 16:11:55', '2025-07-01 16:11:55'),
(403, '62966584', 1, '2025-06-16', '2025-07-16', 26.00, 27, '2025-07-01 16:11:55', '2025-07-01 16:11:55'),
(404, '77459739', 1, '2025-06-13', '2025-07-13', 26.00, 27, '2025-07-01 16:11:55', '2025-07-01 16:11:55'),
(405, '75900600', 1, '2025-06-13', '2025-09-11', 75.00, 27, '2025-07-01 16:11:55', '2025-07-01 16:11:55'),
(406, '74569800', 1, '2025-06-15', '2025-07-15', 75.00, 27, '2025-07-01 16:11:55', '2025-07-01 16:11:55'),
(407, '68514911', 1, '2025-06-15', '2025-07-15', 26.00, 27, '2025-07-01 16:11:55', '2025-07-01 16:11:55'),
(408, '69527422', 7, '2025-07-18', '2025-08-17', 26.00, 27, '2025-07-01 16:14:21', '2025-07-01 16:14:21'),
(409, '78356995', 1, '2025-06-18', '2025-07-18', 26.00, 28, '2025-07-01 16:15:43', '2025-07-01 16:15:43'),
(410, '75189827', 1, '2025-05-06', '2025-08-04', 26.00, 28, '2025-07-01 16:15:43', '2025-07-01 16:15:43'),
(411, '79382493', 1, '2025-06-13', '2025-09-11', 26.00, 28, '2025-07-01 16:15:43', '2025-07-01 16:15:43'),
(412, '65347817', 1, '2025-06-16', '2025-07-16', 26.00, 28, '2025-07-01 16:15:43', '2025-07-01 16:15:43'),
(413, '74703643', 1, '2025-06-14', '2025-07-14', 26.00, 28, '2025-07-01 16:15:43', '2025-07-01 16:15:43'),
(414, '67603522', 1, '2025-06-16', '2025-07-16', 26.00, 28, '2025-07-01 16:15:43', '2025-07-01 16:15:43'),
(415, '72873013', 1, '2025-06-17', '2025-07-17', 26.00, 28, '2025-07-01 16:15:43', '2025-07-01 16:15:43'),
(416, '68581184', 1, '2025-06-13', '2025-07-13', 26.00, 28, '2025-07-01 16:15:43', '2025-07-01 16:15:43'),
(417, '78335459', 1, '2025-06-18', '2025-07-18', 26.00, 28, '2025-07-01 16:15:43', '2025-07-01 16:15:43'),
(418, '72818359', 1, '2025-06-16', '2025-07-16', 26.00, 28, '2025-07-01 16:15:43', '2025-07-01 16:15:43'),
(419, '62715963', 1, '2025-06-16', '2025-09-14', 75.00, 28, '2025-07-01 16:15:43', '2025-07-01 16:15:43'),
(420, '51906122922', 1, '2025-06-18', '2025-07-18', 26.00, 28, '2025-07-01 16:15:43', '2025-07-01 16:15:43'),
(421, '76120449', 1, '2025-06-19', '2025-07-19', 26.00, 28, '2025-07-01 16:15:43', '2025-07-01 16:15:43'),
(422, '72737828', 1, '2025-06-19', '2025-07-19', 26.00, 28, '2025-07-01 16:15:43', '2025-07-01 16:15:43'),
(423, '70590007', 1, '2025-06-19', '2025-07-19', 26.00, 28, '2025-07-01 16:15:43', '2025-07-01 16:15:43'),
(424, '70663647', 1, '2025-06-20', '2025-07-20', 26.00, 29, '2025-07-01 16:17:56', '2025-07-01 16:17:56'),
(425, '75967698', 1, '2025-06-20', '2025-07-20', 26.00, 29, '2025-07-01 16:17:56', '2025-07-01 16:17:56'),
(426, '69439142', 1, '2025-06-15', '2025-07-15', 26.00, 29, '2025-07-01 16:17:56', '2025-07-01 16:17:56'),
(427, '75282136', 1, '2025-06-23', '2025-07-23', 26.00, 29, '2025-07-01 16:17:56', '2025-07-01 16:17:56'),
(428, '71499998', 1, '2025-06-23', '2025-07-23', 26.00, 29, '2025-07-01 16:17:56', '2025-07-01 16:17:56'),
(429, '63860672', 1, '2025-06-24', '2025-07-24', 50.00, 29, '2025-07-01 16:17:56', '2025-07-01 16:17:56'),
(430, '72723693', 1, '2025-06-21', '2025-07-21', 26.00, 29, '2025-07-01 16:17:56', '2025-07-01 16:17:56'),
(431, '79751999', 1, '2025-06-22', '2025-07-22', 26.00, 29, '2025-07-01 16:17:56', '2025-07-01 16:17:56'),
(432, '69066632', 1, '2025-06-23', '2025-07-23', 26.00, 29, '2025-07-01 16:17:56', '2025-07-01 16:17:56'),
(433, '65512107', 1, '2025-06-24', '2025-07-24', 26.00, 29, '2025-07-01 16:17:56', '2025-07-01 16:17:56'),
(434, '77523684', 1, '2025-06-24', '2025-07-24', 26.00, 29, '2025-07-01 16:17:56', '2025-07-01 16:17:56'),
(435, '68515068', 1, '2025-06-24', '2025-07-24', 26.00, 29, '2025-07-01 16:17:56', '2025-07-01 16:17:56'),
(436, '60719320', 1, '2025-06-24', '2025-07-24', 26.00, 29, '2025-07-01 16:17:56', '2025-07-01 16:17:56'),
(437, '79974362', 1, '2025-06-24', '2025-07-24', 26.00, 29, '2025-07-01 16:17:56', '2025-07-01 16:17:56'),
(438, '61131378', 1, '2025-06-24', '2025-07-24', 26.00, 29, '2025-07-01 16:17:56', '2025-07-01 16:17:56'),
(439, '78918847', 1, '2025-06-25', '2025-07-25', 26.00, 30, '2025-07-01 16:27:33', '2025-07-01 16:27:33'),
(440, '63950939', 1, '2025-06-25', '2025-07-25', 26.00, 30, '2025-07-01 16:27:33', '2025-07-01 16:27:33'),
(441, '68462658', 1, '2025-06-25', '2025-07-25', 26.00, 30, '2025-07-01 16:27:33', '2025-07-01 16:27:33'),
(442, '69448794', 1, '2025-06-25', '2025-07-25', 26.00, 30, '2025-07-01 16:27:33', '2025-07-01 16:27:33'),
(443, '63950939', 1, '2025-06-25', '2025-07-25', 26.00, 30, '2025-07-01 16:27:33', '2025-07-01 16:27:33'),
(444, '71448500', 1, '2025-06-25', '2025-07-25', 26.00, 30, '2025-07-01 16:27:33', '2025-07-01 16:27:33'),
(445, '72038768', 1, '2025-06-25', '2025-07-25', 26.00, 30, '2025-07-01 16:27:33', '2025-07-01 16:27:33'),
(446, '77344632', 1, '2025-06-25', '2025-07-25', 26.00, 30, '2025-07-01 16:27:33', '2025-07-01 16:27:33'),
(447, '72939380', 1, '2025-06-26', '2025-07-26', 26.00, 30, '2025-07-01 16:27:33', '2025-07-01 16:27:33'),
(448, '76120449', 1, '2025-06-26', '2025-07-26', 26.00, 30, '2025-07-01 16:27:33', '2025-07-01 16:27:33'),
(449, '75267780', 1, '2025-06-26', '2025-07-26', 26.00, 30, '2025-07-01 16:27:33', '2025-07-01 16:27:33'),
(450, '76653439', 1, '2025-06-26', '2025-07-26', 26.00, 30, '2025-07-01 16:27:33', '2025-07-01 16:27:33'),
(451, '68423736', 1, '2025-06-26', '2025-07-26', 26.00, 30, '2025-07-01 16:27:33', '2025-07-01 16:27:33'),
(452, '67184183', 1, '2025-06-26', '2025-07-26', 26.00, 30, '2025-07-01 16:27:33', '2025-07-01 16:27:33'),
(453, '72210676', 1, '2025-06-27', '2025-07-27', 26.00, 30, '2025-07-01 16:27:33', '2025-07-01 16:27:33'),
(454, '77439033', 1, '2025-06-27', '2025-07-27', 26.00, 30, '2025-07-01 16:27:33', '2025-07-01 16:27:33'),
(455, '70779058', 1, '2025-06-27', '2025-07-27', 26.00, 30, '2025-07-01 16:27:33', '2025-07-01 16:27:33'),
(456, '67010242', 1, '2025-07-01', '2025-07-31', 26.00, 31, '2025-07-01 16:29:15', '2025-07-01 16:29:15'),
(457, '76902227', 1, '2025-07-01', '2025-07-31', 26.00, 31, '2025-07-01 16:29:15', '2025-07-01 16:29:15'),
(458, '67439213', 1, '2025-07-01', '2025-07-31', 26.00, 31, '2025-07-01 16:29:15', '2025-07-01 16:29:15'),
(459, '69683328', 1, '2025-07-01', '2025-07-31', 26.00, 31, '2025-07-01 16:29:15', '2025-07-01 16:29:15'),
(460, '72223517', 1, '2025-07-01', '2025-07-31', 26.00, 31, '2025-07-01 16:29:15', '2025-07-01 16:29:15'),
(461, '70788043', 1, '2025-07-01', '2025-07-31', 26.00, 31, '2025-07-01 16:29:15', '2025-07-01 16:29:15'),
(462, '75479287', 7, '2025-07-01', '2025-07-31', 26.00, 31, '2025-07-01 22:33:54', '2025-07-01 22:33:54'),
(463, '76490074', 7, '2025-07-01', '2025-07-31', 26.00, 31, '2025-07-01 22:36:45', '2025-07-01 22:36:45'),
(464, '78821025', 7, '2025-07-01', '2025-09-29', 75.00, 31, '2025-07-01 22:38:05', '2025-07-01 22:38:05'),
(465, '67081296', 7, '2025-07-01', '2025-07-31', 26.00, 31, '2025-07-01 22:47:01', '2025-07-01 22:47:01'),
(466, '70390740', 7, '2025-07-01', '2025-09-29', 75.00, 31, '2025-07-02 00:41:07', '2025-07-02 00:41:07'),
(467, '71496004', 7, '2025-07-02', '2025-09-30', 75.00, 31, '2025-07-02 11:49:56', '2025-07-02 11:49:56'),
(468, '60710998', 7, '2025-07-02', '2025-08-01', 26.00, 31, '2025-07-02 13:36:00', '2025-07-02 13:36:00'),
(469, '72982501', 7, '2025-07-02', '2025-08-01', 26.00, 31, '2025-07-02 13:36:52', '2025-07-02 13:36:52'),
(470, '75121994', 7, '2025-07-02', '2025-08-01', 26.00, 31, '2025-07-02 13:43:55', '2025-07-02 14:29:35'),
(471, '72534842', 7, '2025-07-01', '2025-07-31', 15.00, 32, '2025-07-02 13:49:38', '2025-07-02 13:49:38'),
(472, '70788043', 7, '2025-07-01', '2025-07-31', 15.00, 32, '2025-07-02 13:50:23', '2025-07-02 13:50:23'),
(473, '63945645', 7, '2025-07-02', '2025-08-01', 26.00, 33, '2025-07-02 15:34:22', '2025-07-02 15:34:22'),
(474, '76413936', 7, '2025-07-02', '2025-08-01', 26.00, 33, '2025-07-02 15:34:53', '2025-07-02 15:34:53'),
(475, '76315339', 7, '2025-07-02', '2025-08-01', 26.00, 33, '2025-07-02 20:41:13', '2025-07-02 20:41:13'),
(476, '67870153', 7, '2025-07-03', '2025-08-02', 26.00, 33, '2025-07-03 14:55:56', '2025-07-03 14:55:56'),
(477, '78694239', 7, '2025-07-03', '2025-08-02', 26.00, 33, '2025-07-03 15:08:47', '2025-07-03 15:08:47');

--
-- Índices para tablas volcadas
--

--
-- Indices de la tabla `cuentas`
--
ALTER TABLE `cuentas`
  ADD PRIMARY KEY (`id`),
  ADD UNIQUE KEY `correo` (`correo`),
  ADD KEY `idx_cuentas_estado` (`estado`);

--
-- Indices de la tabla `extensiones_ventas`
--
ALTER TABLE `extensiones_ventas`
  ADD PRIMARY KEY (`id`),
  ADD KEY `venta_id` (`venta_id`),
  ADD KEY `vendedor_id` (`vendedor_id`);

--
-- Indices de la tabla `vendedores`
--
ALTER TABLE `vendedores`
  ADD PRIMARY KEY (`id`),
  ADD UNIQUE KEY `usuario` (`usuario`);

--
-- Indices de la tabla `ventas`
--
ALTER TABLE `ventas`
  ADD PRIMARY KEY (`id`),
  ADD KEY `cuenta_id` (`cuenta_id`),
  ADD KEY `idx_ventas_vendedor` (`vendedor_id`),
  ADD KEY `idx_ventas_fechas` (`fecha_inicio`,`fecha_fin`);

--
-- AUTO_INCREMENT de las tablas volcadas
--

--
-- AUTO_INCREMENT de la tabla `cuentas`
--
ALTER TABLE `cuentas`
  MODIFY `id` int(11) NOT NULL AUTO_INCREMENT, AUTO_INCREMENT=34;

--
-- AUTO_INCREMENT de la tabla `extensiones_ventas`
--
ALTER TABLE `extensiones_ventas`
  MODIFY `id` int(11) NOT NULL AUTO_INCREMENT, AUTO_INCREMENT=3;

--
-- AUTO_INCREMENT de la tabla `vendedores`
--
ALTER TABLE `vendedores`
  MODIFY `id` int(11) NOT NULL AUTO_INCREMENT, AUTO_INCREMENT=9;

--
-- AUTO_INCREMENT de la tabla `ventas`
--
ALTER TABLE `ventas`
  MODIFY `id` int(11) NOT NULL AUTO_INCREMENT, AUTO_INCREMENT=478;

--
-- Restricciones para tablas volcadas
--

--
-- Filtros para la tabla `extensiones_ventas`
--
ALTER TABLE `extensiones_ventas`
  ADD CONSTRAINT `extensiones_ventas_ibfk_1` FOREIGN KEY (`venta_id`) REFERENCES `ventas` (`id`) ON DELETE CASCADE,
  ADD CONSTRAINT `extensiones_ventas_ibfk_2` FOREIGN KEY (`vendedor_id`) REFERENCES `vendedores` (`id`);

--
-- Filtros para la tabla `ventas`
--
ALTER TABLE `ventas`
  ADD CONSTRAINT `ventas_ibfk_1` FOREIGN KEY (`cuenta_id`) REFERENCES `cuentas` (`id`),
  ADD CONSTRAINT `ventas_ibfk_2` FOREIGN KEY (`vendedor_id`) REFERENCES `vendedores` (`id`);
COMMIT;

/*!40101 SET CHARACTER_SET_CLIENT=@OLD_CHARACTER_SET_CLIENT */;
/*!40101 SET CHARACTER_SET_RESULTS=@OLD_CHARACTER_SET_RESULTS */;
/*!40101 SET COLLATION_CONNECTION=@OLD_COLLATION_CONNECTION */;
