-- phpMyAdmin SQL Dump
-- version 5.2.2
-- https://www.phpmyadmin.net/
--
-- Servidor: localhost:3306
-- Tiempo de generación: 05-05-2026 a las 15:17:35
-- Versión del servidor: 8.0.45-cll-lve
-- Versión de PHP: 8.4.20

SET SQL_MODE = "NO_AUTO_VALUE_ON_ZERO";
START TRANSACTION;
SET time_zone = "+00:00";


/*!40101 SET @OLD_CHARACTER_SET_CLIENT=@@CHARACTER_SET_CLIENT */;
/*!40101 SET @OLD_CHARACTER_SET_RESULTS=@@CHARACTER_SET_RESULTS */;
/*!40101 SET @OLD_COLLATION_CONNECTION=@@COLLATION_CONNECTION */;
/*!40101 SET NAMES utf8mb4 */;

--
-- Base de datos: `alwsgine_bd_alws`
--

-- --------------------------------------------------------

--
-- Estructura de tabla para la tabla `cuentas`
--

CREATE TABLE `cuentas` (
  `id` int NOT NULL,
  `correo` varchar(255) COLLATE utf8mb4_general_ci NOT NULL,
  `contrasena_correo` varchar(255) COLLATE utf8mb4_general_ci NOT NULL,
  `contrasena_gpt` varchar(255) COLLATE utf8mb4_general_ci NOT NULL,
  `codigo` varchar(50) COLLATE utf8mb4_general_ci DEFAULT NULL,
  `fecha_inicio` date NOT NULL,
  `fecha_fin` date DEFAULT NULL,
  `dias` int DEFAULT NULL,
  `usuarios` int DEFAULT '0',
  `ganancia` decimal(10,2) DEFAULT NULL,
  `costo` decimal(10,2) NOT NULL,
  `tipo_cuenta` enum('gpt','gemini','perplexity') COLLATE utf8mb4_general_ci DEFAULT NULL,
  `estado` enum('activa','inactiva','suspendida','baneada') COLLATE utf8mb4_general_ci DEFAULT 'activa',
  `created_at` timestamp NOT NULL DEFAULT CURRENT_TIMESTAMP,
  `updated_at` timestamp NOT NULL DEFAULT CURRENT_TIMESTAMP ON UPDATE CURRENT_TIMESTAMP
) ENGINE=InnoDB DEFAULT CHARSET=utf8mb4 COLLATE=utf8mb4_general_ci;

--
-- Volcado de datos para la tabla `cuentas`
--

INSERT INTO `cuentas` (`id`, `correo`, `contrasena_correo`, `contrasena_gpt`, `codigo`, `fecha_inicio`, `fecha_fin`, `dias`, `usuarios`, `ganancia`, `costo`, `tipo_cuenta`, `estado`, `created_at`, `updated_at`) VALUES
(32, 'servistor9@gmail.com', 'pass', '\"Ingresa a la página con el correo y le pasaré el código cuando le pida\"', '', '2025-07-02', '2025-08-01', NULL, 0, NULL, 6.25, 'perplexity', 'activa', '2025-07-02 13:38:13', '2025-08-14 14:08:30'),
(47, 'milinforme@gmail.com', 'sin', '\"Ingresa a la página con el correo y le pasaré el código cuando le pida\"', '', '2025-08-26', '2025-09-25', NULL, 0, NULL, 50.00, 'perplexity', 'activa', '2025-08-26 21:17:41', '2025-09-26 18:08:58'),
(83, 'vincentgar7364@gmail.com', 'qwerty90!', 'qwerty90!', '', '2026-01-13', '2026-02-12', NULL, 0, NULL, 25.00, 'gemini', 'activa', '2026-01-13 16:09:06', '2026-01-13 16:09:21'),
(84, 'mitage35@outlook.com', 'asf287bFbdf', '2734tBFasfd1', '', '2026-01-13', '2026-02-12', NULL, 0, NULL, 25.00, 'gpt', 'activa', '2026-01-13 16:18:14', '2026-01-13 16:18:24'),
(86, 'mitage36@outlook.es', 'asf73bSDfrf', 'af73bffSSsS1', '', '2026-01-25', '2026-02-24', NULL, 0, NULL, 30.00, 'gpt', 'activa', '2026-01-25 15:22:45', '2026-01-25 15:22:53'),
(87, 'witeland14@outlook.com', '2875Sfb37bF', 'af3478bsSFb38', '', '2026-02-11', '2026-03-13', NULL, 0, NULL, 25.00, 'gpt', 'activa', '2026-02-11 14:31:12', '2026-02-11 14:31:23'),
(88, 'mitage15@outlook.es', '32465sdg4sdgGG', 'sdf436767Fbf3', '', '2026-02-20', '2026-03-22', NULL, 0, NULL, 25.00, 'gpt', 'activa', '2026-02-20 02:23:42', '2026-02-20 02:23:51'),
(90, 'mitage17@outlook.es', '12q3874fbazsdFF', 'restnsy3svSS', '', '2026-03-05', '2026-04-04', NULL, 0, NULL, 25.00, 'gpt', 'activa', '2026-03-05 01:57:31', '2026-03-05 01:58:23'),
(91, 'mitage34@outlook.com', 'af83bfGF73wfr', '23478bsdf37bS', '', '2026-03-16', '2026-04-15', NULL, 0, NULL, 25.00, 'gpt', 'activa', '2026-03-13 14:14:30', '2026-03-16 16:06:07'),
(92, 'mitage33@outlook.es', '8asf4ybfuy8gfS', '2837t5bsdfbSS', '', '2026-03-13', '2026-04-12', NULL, 0, NULL, 25.00, 'gpt', 'activa', '2026-03-13 16:14:40', '2026-03-13 16:18:17'),
(93, 'anasillutte@outlook.es', 'asf873bfsbSSSfb', 'f26bfsd3DDsb', '', '2026-03-26', '2026-04-25', NULL, 0, NULL, 75.00, 'gpt', 'activa', '2026-03-26 15:52:21', '2026-03-26 15:52:29'),
(94, 'restler59@outlook.com', 'Yeyw6542veh', 'af2876gtfsbSdf', '', '2026-04-17', '2026-05-17', NULL, 0, NULL, 75.00, 'gpt', 'activa', '2026-04-17 15:41:46', '2026-04-17 15:42:00'),
(95, 'chernonog.13101988@outlook.com', 'OUr6UtJ79A', 'Moxibes2027yeah', '', '2026-04-22', '2026-05-22', NULL, 0, NULL, 57.75, 'gpt', 'activa', '2026-04-22 20:04:07', '2026-04-30 02:00:07'),
(96, 'kucherenko.1503@outlook.com', 'gQpTv5rgxD', 'Plos09090854', '', '2026-04-28', '2026-05-28', NULL, 0, NULL, 55.00, 'gpt', 'activa', '2026-04-28 13:15:16', '2026-04-28 13:15:26'),
(97, 'DeboixQuiste8@outlook.com', 'Deboixlidt9473#', '28375bfs7834g', '', '2026-05-01', '2026-05-31', NULL, 0, NULL, 80.00, 'gpt', 'activa', '2026-05-01 16:45:22', '2026-05-01 16:45:36'),
(98, 'temiloluwa.samariyah2559@hotmail.com', 'qlvphiqff1', '29873bsfFF1111', '', '2026-05-03', '2026-06-02', NULL, 0, NULL, 90.00, 'gpt', 'activa', '2026-05-03 16:27:39', '2026-05-03 16:27:49');

-- --------------------------------------------------------

--
-- Estructura de tabla para la tabla `vendedores`
--

CREATE TABLE `vendedores` (
  `id` int NOT NULL,
  `usuario` varchar(255) COLLATE utf8mb4_general_ci NOT NULL,
  `contrasena` varchar(255) COLLATE utf8mb4_general_ci NOT NULL,
  `activo` tinyint(1) DEFAULT '1',
  `rol` enum('admin','vendedor','supervisor') COLLATE utf8mb4_general_ci DEFAULT 'vendedor',
  `created_at` timestamp NOT NULL DEFAULT CURRENT_TIMESTAMP,
  `updated_at` timestamp NOT NULL DEFAULT CURRENT_TIMESTAMP ON UPDATE CURRENT_TIMESTAMP
) ENGINE=InnoDB DEFAULT CHARSET=utf8mb4 COLLATE=utf8mb4_general_ci;

--
-- Volcado de datos para la tabla `vendedores`
--

INSERT INTO `vendedores` (`id`, `usuario`, `contrasena`, `activo`, `rol`, `created_at`, `updated_at`) VALUES
(1, 'admin', '$2y$10$u7y5rL6f9O8QzT8wRz1Q9eQZpQ4sO1kW8cQ2tU7wG5yK3wA1xYzQ9e', 1, 'vendedor', '2025-05-07 16:40:23', '2025-05-07 16:40:23'),
(2, 'juan', '$2y$10$QW8hJ4kL9u7eT8rF6gH5sO2lP3qW1vN2bC4xZ8aS6dF7jH3kL5nM1b', 1, 'vendedor', '2025-05-07 16:40:23', '2025-05-07 16:40:23'),
(3, 'maria', '$2y$10$Z1xY2wV3uT4rS5qP6oN7mL8kJ9hG0fE1dC2bA3zX4yW5vU6tR7sQ8p', 1, 'vendedor', '2025-05-07 16:40:23', '2025-05-07 16:40:23'),
(7, 'joe1', '$2y$10$Re484p97YIx5Iq0eXrlY1.q4By.yt3AVGmuKHaBv8rQ2hjDQXcNVm', 1, 'admin', '2025-06-27 03:28:20', '2025-11-25 19:15:24'),
(8, 'camil', '$2y$12$yCPj/jkIqhHUaedC4jg6eOnQEDIliVsGvwEnx4PL/8CUIfCXsbPQ.', 1, 'vendedor', '2025-11-25 19:15:54', '2025-11-25 19:15:54'),
(9, 'gino', '$2y$12$IncKKr59RN13lzLNnRH/weJbZmWqHMr18lLs1mUDRZYSOBogqABgy', 1, 'vendedor', '2025-11-25 20:36:34', '2025-11-25 20:36:34');

-- --------------------------------------------------------

--
-- Estructura de tabla para la tabla `ventas`
--

CREATE TABLE `ventas` (
  `id` int NOT NULL,
  `numero_celular` varchar(20) COLLATE utf8mb4_general_ci NOT NULL,
  `vendedor_id` int NOT NULL,
  `fecha_inicio` date NOT NULL,
  `fecha_fin` date NOT NULL,
  `pago` decimal(10,2) NOT NULL,
  `cuenta_id` int NOT NULL,
  `dias` int GENERATED ALWAYS AS ((to_days(`fecha_fin`) - to_days(`fecha_inicio`))) STORED,
  `created_at` timestamp NOT NULL DEFAULT CURRENT_TIMESTAMP,
  `updated_at` timestamp NOT NULL DEFAULT CURRENT_TIMESTAMP ON UPDATE CURRENT_TIMESTAMP
) ENGINE=InnoDB DEFAULT CHARSET=utf8mb4 COLLATE=utf8mb4_general_ci;

--
-- Volcado de datos para la tabla `ventas`
--

INSERT INTO `ventas` (`id`, `numero_celular`, `vendedor_id`, `fecha_inicio`, `fecha_fin`, `pago`, `cuenta_id`, `created_at`, `updated_at`) VALUES
(725, '78122222', 7, '2025-08-24', '2026-05-01', 90.00, 32, '2025-08-24 12:26:30', '2025-08-24 12:37:25'),
(1171, '70757157', 7, '2025-11-19', '2026-02-17', 35.00, 32, '2025-11-19 15:41:30', '2025-11-19 15:41:30'),
(1235, '70399226', 7, '2025-12-01', '2026-03-01', 70.00, 84, '2025-12-01 16:08:23', '2026-01-23 20:38:14'),
(1267, '77928228', 7, '2025-12-11', '2026-03-11', 75.00, 84, '2025-12-12 01:56:34', '2026-01-23 20:31:46'),
(1280, '72731520', 7, '2025-12-16', '2026-03-16', 60.00, 84, '2025-12-16 18:40:08', '2026-01-23 20:29:57'),
(1295, '74839333', 7, '2025-12-30', '2026-03-30', 0.10, 88, '2025-12-30 16:48:08', '2026-02-24 17:16:36'),
(1296, '79965647', 7, '2025-12-30', '2026-03-30', 75.00, 84, '2025-12-30 17:05:18', '2026-01-23 20:39:04'),
(1297, '79965647', 7, '2025-12-30', '2026-03-30', 15.00, 32, '2025-12-30 17:08:33', '2025-12-30 17:08:33'),
(1298, '78066655', 7, '2026-01-02', '2026-02-01', 26.00, 84, '2026-01-03 01:39:05', '2026-01-23 20:33:41'),
(1312, '72252365', 7, '2026-01-10', '2026-02-09', 9.00, 32, '2026-01-11 00:20:12', '2026-01-11 00:20:12'),
(1322, '72301708', 7, '2026-01-15', '2026-02-14', 9.00, 32, '2026-01-15 17:45:25', '2026-01-15 17:45:25'),
(1329, '64931130', 7, '2026-01-20', '2026-02-19', 21.00, 84, '2026-01-20 13:48:17', '2026-01-20 13:48:17'),
(1332, '69683328', 7, '2026-01-20', '2026-02-19', 26.00, 84, '2026-01-20 19:00:48', '2026-01-20 19:00:48'),
(1334, '77922740', 7, '2026-01-22', '2026-02-21', 26.00, 84, '2026-01-22 14:44:00', '2026-01-22 14:44:00'),
(1335, '73597700', 7, '2026-01-22', '2026-02-21', 21.00, 84, '2026-01-22 14:44:40', '2026-01-22 14:44:40'),
(1336, '78485039', 7, '2026-01-22', '2026-02-21', 26.00, 84, '2026-01-22 20:55:54', '2026-01-22 20:55:54'),
(1337, '70353834', 7, '2026-01-25', '2026-04-25', 0.10, 90, '2026-01-25 14:51:48', '2026-03-19 02:48:15'),
(1340, '72736080', 7, '2026-01-27', '2026-04-27', 60.00, 86, '2026-01-27 22:23:06', '2026-01-27 22:23:06'),
(1341, '70759174', 7, '2026-01-28', '2026-02-27', 21.00, 86, '2026-01-28 19:12:11', '2026-01-28 19:12:11'),
(1342, '72909846', 7, '2026-01-28', '2026-04-28', 60.00, 86, '2026-01-28 21:03:28', '2026-01-28 21:03:28'),
(1346, '67684644', 7, '2026-01-31', '2026-03-02', 26.00, 86, '2026-02-01 00:02:59', '2026-02-01 00:02:59'),
(1347, '69936779', 7, '2026-01-31', '2026-03-02', 22.00, 86, '2026-02-01 00:51:19', '2026-02-01 00:51:19'),
(1348, '67213747', 7, '2026-02-01', '2026-03-03', 26.00, 86, '2026-02-02 01:18:56', '2026-02-02 01:18:56'),
(1349, '75407670', 7, '2026-02-02', '2026-03-04', 21.00, 86, '2026-02-03 00:59:21', '2026-02-03 00:59:21'),
(1351, '69966154', 7, '2026-02-03', '2026-05-04', 35.00, 32, '2026-02-03 15:07:15', '2026-02-03 15:07:15'),
(1352, '70767142', 7, '2026-02-06', '2026-03-08', 10.00, 86, '2026-02-06 15:37:03', '2026-02-06 15:37:03'),
(1356, '67603522', 7, '2026-01-16', '2026-02-15', 0.10, 86, '2026-02-07 19:25:55', '2026-02-07 19:25:55'),
(1357, '76458629', 7, '2026-02-07', '2026-03-09', 21.00, 86, '2026-02-08 02:40:41', '2026-02-08 02:40:41'),
(1365, '75267780', 7, '2026-01-07', '2026-04-07', 0.10, 91, '2026-02-12 14:12:54', '2026-03-13 14:34:57'),
(1367, '78821025', 7, '2026-02-12', '2026-05-13', 0.10, 90, '2026-02-12 14:41:04', '2026-03-12 10:51:55'),
(1373, '69936779', 7, '2026-02-18', '2026-03-20', 11.00, 87, '2026-02-18 13:20:09', '2026-02-18 13:20:09'),
(1374, '65750437', 7, '2026-02-18', '2026-03-20', 21.00, 87, '2026-02-18 22:11:30', '2026-02-18 22:11:30'),
(1375, '72091110', 7, '2026-02-19', '2027-02-19', 60.00, 47, '2026-02-19 12:03:04', '2026-02-19 12:03:19'),
(1378, '78335459', 7, '2026-02-20', '2026-05-21', 0.10, 92, '2026-02-20 15:46:14', '2026-03-17 02:10:04'),
(1379, '77523684', 7, '2026-02-20', '2026-03-22', 26.00, 88, '2026-02-20 16:38:19', '2026-02-20 16:38:19'),
(1380, '68350069', 7, '2026-02-23', '2026-03-25', 26.00, 88, '2026-02-23 21:57:52', '2026-02-23 21:57:52'),
(1381, '79680774', 7, '2026-02-24', '2026-05-25', 0.10, 94, '2026-02-24 13:41:06', '2026-04-17 15:46:41'),
(1382, '77919990', 7, '2026-02-24', '2026-05-25', 0.10, 94, '2026-02-24 14:25:14', '2026-04-20 14:49:53'),
(1384, '77449266', 7, '2026-02-25', '2026-05-26', 0.10, 94, '2026-02-25 14:15:29', '2026-04-21 14:04:35'),
(1386, '67357202', 7, '2026-02-26', '2026-03-28', 26.00, 88, '2026-02-26 13:35:34', '2026-02-26 13:35:34'),
(1387, '71725352', 7, '2026-02-28', '2026-05-29', 0.10, 91, '2026-02-28 12:51:10', '2026-03-19 14:03:29'),
(1390, '75009618', 7, '2026-03-03', '2026-04-02', 11.00, 88, '2026-03-03 22:47:38', '2026-03-03 22:47:38'),
(1391, '72646836', 7, '2026-03-04', '2026-04-03', 13.00, 47, '2026-03-04 13:14:58', '2026-03-04 13:14:58'),
(1392, '64554514', 7, '2026-03-04', '2026-04-03', 21.00, 88, '2026-03-04 17:30:22', '2026-03-04 17:30:22'),
(1393, '76426052', 7, '2026-03-04', '2026-06-02', 0.10, 91, '2026-03-04 22:28:43', '2026-03-13 14:53:22'),
(1394, '70590007', 7, '2026-03-04', '2026-04-03', 0.10, 92, '2026-03-05 01:59:11', '2026-03-17 02:36:03'),
(1395, '73077242', 7, '2026-03-04', '2026-06-02', 35.00, 47, '2026-03-05 01:59:44', '2026-03-05 01:59:44'),
(1399, '76453167', 7, '2026-03-06', '2026-04-05', 0.10, 91, '2026-03-06 15:11:48', '2026-03-19 14:00:55'),
(1400, '78301330', 7, '2026-03-06', '2026-06-04', 30.00, 90, '2026-03-06 15:21:11', '2026-03-06 15:21:11'),
(1402, '65647199', 7, '2026-03-09', '2026-04-08', 21.00, 91, '2026-03-10 00:52:06', '2026-03-13 14:24:59'),
(1403, '70757157', 7, '2026-03-10', '2026-06-08', 35.00, 47, '2026-03-11 00:36:05', '2026-03-11 00:36:05'),
(1406, '74836359', 7, '2026-03-12', '2026-04-11', 21.00, 90, '2026-03-12 10:46:45', '2026-03-12 10:46:45'),
(1407, '74836359', 7, '2026-03-12', '2026-04-11', 13.00, 47, '2026-03-12 10:47:06', '2026-03-12 10:47:06'),
(1409, '71449582', 7, '2026-03-12', '2026-06-10', 0.10, 95, '2026-03-12 14:25:47', '2026-04-25 23:45:28'),
(1410, '77702491', 7, '2026-03-12', '2026-04-11', 0.10, 92, '2026-03-12 16:14:29', '2026-03-17 02:35:31'),
(1412, '64136629', 7, '2026-03-13', '2026-04-12', 21.00, 92, '2026-03-13 18:17:53', '2026-03-13 18:17:53'),
(1413, '63937033', 7, '2026-03-13', '2026-04-12', 0.10, 93, '2026-03-13 18:31:33', '2026-03-26 16:00:24'),
(1414, '79738202', 7, '2026-03-13', '2026-04-12', 21.00, 92, '2026-03-13 20:36:59', '2026-03-13 20:36:59'),
(1416, '74218123', 7, '2026-03-16', '2026-04-15', 21.00, 92, '2026-03-17 03:01:10', '2026-03-17 03:01:10'),
(1417, '75967698', 7, '2026-03-16', '2026-06-14', 0.10, 97, '2026-03-17 03:01:29', '2026-05-01 20:31:21'),
(1418, '69019986', 7, '2026-03-17', '2026-04-16', 21.00, 90, '2026-03-18 02:09:36', '2026-03-18 02:09:36'),
(1419, '64931130', 7, '2026-03-18', '2026-04-17', 21.00, 90, '2026-03-18 17:14:57', '2026-03-18 17:14:57'),
(1420, '70788043', 7, '2026-03-18', '2026-06-16', 60.00, 90, '2026-03-19 03:03:45', '2026-03-19 03:03:45'),
(1421, '72077662', 7, '2026-03-18', '2026-06-16', 30.00, 91, '2026-03-19 03:12:42', '2026-03-19 03:12:42'),
(1422, '63908321', 7, '2026-03-20', '2026-04-19', 11.00, 91, '2026-03-20 11:43:18', '2026-03-20 11:43:18'),
(1423, '76458629', 7, '2026-03-20', '2026-06-18', 60.00, 91, '2026-03-20 14:08:10', '2026-03-20 14:08:10'),
(1424, '76653439', 7, '2026-03-20', '2026-04-19', 25.00, 91, '2026-03-20 17:39:45', '2026-03-20 17:39:45'),
(1428, '70002585', 7, '2026-03-22', '2026-04-21', 11.00, 92, '2026-03-22 11:34:50', '2026-03-22 11:34:50'),
(1429, '62727098', 7, '2026-03-22', '2026-04-21', 0.10, 93, '2026-03-22 21:53:01', '2026-03-26 15:58:32'),
(1431, '73388888', 7, '2026-03-23', '2026-06-21', 0.10, 96, '2026-03-23 18:21:12', '2026-04-28 13:17:17'),
(1432, '78485039', 7, '2026-03-23', '2026-04-22', 21.00, 92, '2026-03-24 01:55:53', '2026-03-24 01:55:53'),
(1434, '68494634', 7, '2026-03-24', '2026-04-23', 11.00, 92, '2026-03-24 21:57:22', '2026-03-24 21:57:22'),
(1435, '77677544', 7, '2026-03-25', '2026-04-24', 21.00, 91, '2026-03-25 16:35:12', '2026-03-25 16:35:12'),
(1437, '77449266', 7, '2026-03-26', '2026-04-25', 12.00, 93, '2026-03-26 15:52:54', '2026-03-26 15:52:54'),
(1438, '77208159', 7, '2026-03-26', '2026-04-25', 26.00, 93, '2026-03-26 17:21:46', '2026-03-26 17:21:46'),
(1439, '79725189', 7, '2026-03-28', '2026-04-27', 21.00, 93, '2026-03-28 14:15:16', '2026-03-28 14:15:16'),
(1440, '71160558', 7, '2026-03-28', '2026-06-26', 60.00, 93, '2026-03-29 00:50:19', '2026-03-29 00:50:19'),
(1441, '74234339', 7, '2026-03-29', '2026-04-28', 21.00, 93, '2026-03-29 14:47:44', '2026-03-29 14:47:44'),
(1442, '69488331', 7, '2026-03-30', '2026-04-29', 21.00, 93, '2026-03-30 11:27:21', '2026-03-30 11:27:21'),
(1443, '72239336', 7, '2026-03-30', '2026-04-29', 21.00, 93, '2026-03-30 16:12:21', '2026-03-30 16:12:21'),
(1447, '76901399', 7, '2026-03-31', '2026-04-30', 11.00, 93, '2026-03-31 10:52:08', '2026-03-31 10:52:08'),
(1448, '70052418', 7, '2026-03-31', '2026-04-30', 21.00, 93, '2026-03-31 20:06:23', '2026-03-31 20:06:23'),
(1449, '71187108', 7, '2026-04-02', '2026-05-02', 11.00, 93, '2026-04-02 14:21:22', '2026-04-02 14:21:22'),
(1450, '70757036', 7, '2026-04-04', '2026-05-04', 11.00, 95, '2026-04-04 19:13:50', '2026-04-27 17:57:21'),
(1451, '77025513', 7, '2026-04-05', '2026-05-05', 21.00, 93, '2026-04-06 01:52:40', '2026-04-06 01:52:40'),
(1452, '75512807', 7, '2026-04-06', '2026-05-06', 0.10, 96, '2026-04-06 18:18:10', '2026-04-28 15:42:54'),
(1453, '65347817', 7, '2026-04-08', '2026-05-08', 0.10, 97, '2026-04-08 13:49:59', '2026-05-01 20:32:15'),
(1454, '76407264', 7, '2026-04-08', '2026-05-08', 15.00, 93, '2026-04-08 17:23:49', '2026-04-08 17:23:49'),
(1456, '67081296', 7, '2026-04-08', '2026-05-08', 21.00, 93, '2026-04-09 00:35:41', '2026-04-09 00:35:41'),
(1457, '70663647', 7, '2026-04-09', '2026-05-09', 21.00, 90, '2026-04-09 17:17:07', '2026-04-09 17:17:07'),
(1458, '61783499', 7, '2026-04-10', '2026-05-10', 11.00, 90, '2026-04-10 15:14:01', '2026-04-10 15:14:01'),
(1459, '75479287', 7, '2026-04-11', '2026-05-11', 26.00, 94, '2026-04-11 14:04:23', '2026-04-20 14:55:11'),
(1460, '70751005', 7, '2026-04-11', '2026-05-11', 11.00, 95, '2026-04-11 15:31:51', '2026-04-23 01:45:24'),
(1461, '63067864', 7, '2026-04-12', '2026-05-12', 0.10, 94, '2026-04-12 20:06:06', '2026-04-22 02:14:44'),
(1462, '75710323', 7, '2026-04-13', '2026-05-13', 11.00, 90, '2026-04-13 11:03:14', '2026-04-13 11:03:14'),
(1463, '73770141', 7, '2026-04-13', '2026-05-13', 0.10, 94, '2026-04-13 20:42:00', '2026-04-22 02:15:26'),
(1464, '69474896', 7, '2026-04-14', '2026-05-14', 11.00, 90, '2026-04-14 14:26:17', '2026-04-14 14:26:17'),
(1465, '61210499', 7, '2026-04-14', '2026-05-14', 11.00, 90, '2026-04-14 16:56:05', '2026-04-14 16:56:05'),
(1466, '79701943', 7, '2026-04-15', '2026-05-15', 11.00, 90, '2026-04-15 23:24:33', '2026-04-15 23:24:33'),
(1468, '73814388', 7, '2026-04-16', '2026-05-16', 0.10, 94, '2026-04-16 16:40:31', '2026-04-22 13:23:51'),
(1469, '70718813', 7, '2026-04-16', '2026-07-15', 30.00, 90, '2026-04-16 17:10:16', '2026-04-16 17:10:16'),
(1470, '63846004', 7, '2026-04-19', '2026-05-19', 11.00, 94, '2026-04-17 15:42:57', '2026-04-17 15:43:30'),
(1471, '76972246', 7, '2026-02-24', '2026-05-25', 0.10, 94, '2026-04-17 15:44:45', '2026-04-17 15:44:45'),
(1472, '67459009', 7, '2026-04-17', '2026-05-17', 11.00, 94, '2026-04-17 17:10:46', '2026-04-17 17:10:46'),
(1473, '72077662', 7, '2026-04-19', '2026-05-19', 11.00, 94, '2026-04-19 14:02:16', '2026-04-19 14:07:50'),
(1474, '63860672', 7, '2026-04-19', '2026-05-19', 11.00, 94, '2026-04-19 22:22:02', '2026-04-19 22:22:02'),
(1475, '75660249', 7, '2026-04-19', '2026-05-19', 11.00, 94, '2026-04-19 23:38:15', '2026-04-19 23:38:15'),
(1476, '72715280', 7, '2026-04-20', '2026-05-20', 21.00, 94, '2026-04-21 02:01:49', '2026-04-21 02:01:49'),
(1477, '72007646', 7, '2026-04-21', '2026-05-21', 26.00, 94, '2026-04-21 14:04:00', '2026-04-21 14:04:00'),
(1478, '75485018', 7, '2026-04-21', '2026-07-20', 30.00, 94, '2026-04-21 14:16:23', '2026-04-21 14:16:23'),
(1479, '72871396', 7, '2026-04-21', '2026-05-21', 11.00, 94, '2026-04-21 16:23:41', '2026-04-21 16:23:41'),
(1480, '71000490', 7, '2026-04-22', '2026-05-22', 0.10, 98, '2026-04-22 20:05:07', '2026-05-05 13:10:20'),
(1481, '71000490', 7, '2026-04-22', '2026-05-22', 5.00, 47, '2026-04-22 20:05:46', '2026-04-22 20:05:46'),
(1482, '73762635', 7, '2026-04-22', '2026-05-22', 0.10, 98, '2026-04-23 01:48:59', '2026-05-04 01:22:41'),
(1483, '68371984', 7, '2026-04-23', '2026-05-23', 21.00, 95, '2026-04-23 12:49:34', '2026-04-23 12:49:34'),
(1484, '68484162', 7, '2026-04-23', '2026-05-23', 21.00, 95, '2026-04-23 15:49:27', '2026-04-23 15:49:27'),
(1485, '78874336', 7, '2026-04-23', '2026-05-23', 11.00, 95, '2026-04-23 16:36:42', '2026-04-23 16:36:42'),
(1486, '69066632', 7, '2026-04-23', '2026-05-23', 26.00, 95, '2026-04-23 23:24:44', '2026-04-23 23:24:44'),
(1487, '65511272', 7, '2026-04-24', '2026-05-24', 21.00, 95, '2026-04-24 12:03:01', '2026-04-24 12:03:01'),
(1488, '64230670', 7, '2026-04-24', '2026-05-24', 11.00, 95, '2026-04-24 12:04:04', '2026-04-24 12:04:04'),
(1489, '74575084', 7, '2026-04-24', '2026-05-24', 26.00, 97, '2026-04-24 17:57:03', '2026-05-03 13:49:37'),
(1490, '+77833329', 7, '2026-04-24', '2026-07-23', 30.00, 95, '2026-04-24 23:01:10', '2026-04-24 23:01:10'),
(1491, '74839080', 7, '2026-04-25', '2026-05-25', 21.00, 95, '2026-04-25 15:51:11', '2026-04-25 15:51:11'),
(1492, '77677544', 7, '2026-04-26', '2026-05-26', 21.00, 95, '2026-04-26 22:44:55', '2026-04-26 22:44:55'),
(1493, '65647199', 7, '2026-04-26', '2026-05-26', 21.00, 95, '2026-04-26 23:25:57', '2026-04-26 23:25:57'),
(1494, '70765291', 7, '2026-04-27', '2026-05-27', 26.00, 95, '2026-04-27 19:54:24', '2026-04-27 19:54:24'),
(1495, '78072519', 7, '2026-04-27', '2026-05-27', 21.00, 98, '2026-04-27 23:27:41', '2026-05-05 03:08:40'),
(1496, '69488331', 7, '2026-04-28', '2026-05-28', 21.00, 96, '2026-04-28 13:16:27', '2026-04-28 13:16:27'),
(1497, '74006407', 7, '2026-04-28', '2026-05-28', 21.00, 96, '2026-04-28 13:16:54', '2026-04-28 13:16:54'),
(1498, '62727098', 7, '2026-04-28', '2026-05-28', 21.00, 96, '2026-04-28 13:38:22', '2026-04-28 13:38:22'),
(1499, '75981313', 7, '2026-04-28', '2026-05-28', 0.10, 97, '2026-04-28 17:47:19', '2026-05-01 16:47:08'),
(1500, '73767490', 7, '2026-04-28', '2026-05-28', 21.00, 96, '2026-04-28 19:46:44', '2026-04-28 19:46:44'),
(1501, '63939428', 7, '2026-04-29', '2026-07-28', 0.10, 97, '2026-04-29 13:58:12', '2026-05-01 16:48:57'),
(1502, '73257441', 7, '2026-04-29', '2026-05-29', 11.00, 98, '2026-04-29 14:38:55', '2026-05-05 12:48:53'),
(1503, '70161351', 7, '2026-04-29', '2026-05-29', 0.10, 97, '2026-04-29 21:54:09', '2026-05-01 16:48:04'),
(1504, '79508272', 7, '2026-04-30', '2026-05-30', 26.00, 96, '2026-04-30 15:00:37', '2026-04-30 15:00:37'),
(1505, '79508272', 7, '2026-04-30', '2026-05-30', 6.00, 47, '2026-04-30 15:00:59', '2026-04-30 15:00:59'),
(1506, '77928216', 7, '2026-05-01', '2026-05-31', 11.00, 98, '2026-05-01 16:46:16', '2026-05-03 22:13:25'),
(1507, '62629737', 7, '2026-05-01', '2026-05-31', 21.00, 97, '2026-05-01 19:26:48', '2026-05-01 19:26:48'),
(1508, '72239336', 7, '2026-05-01', '2026-05-31', 21.00, 97, '2026-05-01 20:30:25', '2026-05-01 20:30:25'),
(1509, '72731520', 7, '2026-05-03', '2026-08-01', 60.00, 97, '2026-05-03 12:56:54', '2026-05-03 12:56:54'),
(1510, '74006407', 7, '2026-05-03', '2026-06-02', 21.00, 97, '2026-05-03 13:52:00', '2026-05-03 13:52:00'),
(1511, '68550053', 7, '2026-05-03', '2026-06-02', 11.00, 98, '2026-05-03 22:15:01', '2026-05-03 22:15:01'),
(1512, '68550053', 7, '2026-05-03', '2026-06-02', 11.00, 98, '2026-05-04 01:22:23', '2026-05-04 01:22:23'),
(1513, '70837773', 7, '2026-05-04', '2026-06-03', 21.00, 98, '2026-05-05 01:07:46', '2026-05-05 01:07:46');

--
-- Índices para tablas volcadas
--

--
-- Indices de la tabla `cuentas`
--
ALTER TABLE `cuentas`
  ADD PRIMARY KEY (`id`),
  ADD UNIQUE KEY `correo` (`correo`),
  ADD KEY `idx_cuentas_estado` (`estado`);

--
-- Indices de la tabla `vendedores`
--
ALTER TABLE `vendedores`
  ADD PRIMARY KEY (`id`),
  ADD UNIQUE KEY `usuario` (`usuario`);

--
-- Indices de la tabla `ventas`
--
ALTER TABLE `ventas`
  ADD PRIMARY KEY (`id`),
  ADD KEY `cuenta_id` (`cuenta_id`),
  ADD KEY `idx_ventas_vendedor` (`vendedor_id`),
  ADD KEY `idx_ventas_fechas` (`fecha_inicio`,`fecha_fin`);

--
-- AUTO_INCREMENT de las tablas volcadas
--

--
-- AUTO_INCREMENT de la tabla `cuentas`
--
ALTER TABLE `cuentas`
  MODIFY `id` int NOT NULL AUTO_INCREMENT, AUTO_INCREMENT=99;

--
-- AUTO_INCREMENT de la tabla `vendedores`
--
ALTER TABLE `vendedores`
  MODIFY `id` int NOT NULL AUTO_INCREMENT, AUTO_INCREMENT=10;

--
-- AUTO_INCREMENT de la tabla `ventas`
--
ALTER TABLE `ventas`
  MODIFY `id` int NOT NULL AUTO_INCREMENT, AUTO_INCREMENT=1514;

--
-- Restricciones para tablas volcadas
--

--
-- Filtros para la tabla `ventas`
--
ALTER TABLE `ventas`
  ADD CONSTRAINT `ventas_ibfk_1` FOREIGN KEY (`cuenta_id`) REFERENCES `cuentas` (`id`),
  ADD CONSTRAINT `ventas_ibfk_2` FOREIGN KEY (`vendedor_id`) REFERENCES `vendedores` (`id`);
COMMIT;

/*!40101 SET CHARACTER_SET_CLIENT=@OLD_CHARACTER_SET_CLIENT */;
/*!40101 SET CHARACTER_SET_RESULTS=@OLD_CHARACTER_SET_RESULTS */;
/*!40101 SET COLLATION_CONNECTION=@OLD_COLLATION_CONNECTION */;
