-- phpMyAdmin SQL Dump
-- version 5.2.2
-- https://www.phpmyadmin.net/
--
-- Servidor: localhost:3306
-- Tiempo de generación: 30-07-2025 a las 00:25:16
-- Versión del servidor: 8.0.42-cll-lve
-- Versión de PHP: 8.3.23

SET SQL_MODE = "NO_AUTO_VALUE_ON_ZERO";
START TRANSACTION;
SET time_zone = "+00:00";


/*!40101 SET @OLD_CHARACTER_SET_CLIENT=@@CHARACTER_SET_CLIENT */;
/*!40101 SET @OLD_CHARACTER_SET_RESULTS=@@CHARACTER_SET_RESULTS */;
/*!40101 SET @OLD_COLLATION_CONNECTION=@@COLLATION_CONNECTION */;
/*!40101 SET NAMES utf8mb4 */;

--
-- Base de datos: `alwsgine_v4_3jul`
--

-- --------------------------------------------------------

--
-- Estructura de tabla para la tabla `cuentas`
--

CREATE TABLE `cuentas` (
  `id` int NOT NULL,
  `correo` varchar(255) COLLATE utf8mb4_general_ci NOT NULL,
  `contrasena_correo` varchar(255) COLLATE utf8mb4_general_ci NOT NULL,
  `contrasena_gpt` varchar(255) COLLATE utf8mb4_general_ci NOT NULL,
  `codigo` varchar(50) COLLATE utf8mb4_general_ci DEFAULT NULL,
  `fecha_inicio` date NOT NULL,
  `fecha_fin` date DEFAULT NULL,
  `dias` int DEFAULT NULL,
  `usuarios` int DEFAULT '0',
  `ganancia` decimal(10,2) DEFAULT NULL,
  `costo` decimal(10,2) NOT NULL,
  `estado` enum('activa','inactiva','suspendida','baneada') COLLATE utf8mb4_general_ci DEFAULT 'activa',
  `created_at` timestamp NOT NULL DEFAULT CURRENT_TIMESTAMP,
  `updated_at` timestamp NOT NULL DEFAULT CURRENT_TIMESTAMP ON UPDATE CURRENT_TIMESTAMP
) ENGINE=InnoDB DEFAULT CHARSET=utf8mb4 COLLATE=utf8mb4_general_ci;

--
-- Volcado de datos para la tabla `cuentas`
--

INSERT INTO `cuentas` (`id`, `correo`, `contrasena_correo`, `contrasena_gpt`, `codigo`, `fecha_inicio`, `fecha_fin`, `dias`, `usuarios`, `ganancia`, `costo`, `estado`, `created_at`, `updated_at`) VALUES
(24, 'restj@outlook.es', '09876a43bS', '87a6sfx34bnFjgd', 'YXNW9BHT2W3XTR5CNRAQ2XFPEFCMXC', '2025-06-02', '2025-07-02', NULL, 0, NULL, 139.40, 'activa', '2025-07-01 14:55:40', '2025-07-01 23:29:57'),
(25, 'juandr2023@outlook.es', 'mP4tN6gV', '36542hjbsdff', 'W4XMWNS7YGSDQGBSGN7AVT69QNGRPR2', '2025-06-05', '2025-07-05', NULL, 0, NULL, 139.40, 'activa', '2025-07-01 14:55:40', '2025-07-01 14:55:40'),
(26, 'samaelme@hotmail.com', 'servistor9@gmail.com', '676asdf3nmkrp', 'Z8KVN7KBM6E6WAQ8VBPPRTT5VA9KBX', '2025-06-09', '2025-07-09', NULL, 0, NULL, 139.40, 'activa', '2025-07-01 14:55:40', '2025-07-01 14:55:40'),
(27, 'anaded1@outlook.es', 'DSqwf47z', '67a4jsndb', 'XFR5BJQAJFAXQT5A57AJQ1NLDM5Q3Y28MQ', '2025-06-13', '2025-07-13', NULL, 0, NULL, 139.40, 'activa', '2025-07-01 14:55:40', '2025-07-01 23:29:33'),
(28, 'newmarck5@outlook.com', 'GHsb3bsJbn32', '762345bnFhbfa', 'v6NQB6YSKARTQY26GYDPDCT4CM8BUE', '2025-06-18', '2025-07-18', NULL, 0, NULL, 139.40, 'activa', '2025-07-01 14:55:40', '2025-07-01 14:55:40'),
(29, 'emei2d@outlook.com', 'M5VJF69&Z', '678asfnb4t234', '4A35V5SQP3HPUFKP84ZW2W6S3D7V6Z', '2025-06-19', '2025-07-19', NULL, 0, NULL, 139.40, 'activa', '2025-07-01 14:55:40', '2025-07-10 20:16:15'),
(30, 'samzepio@outlook.es', '666tsfdffb33D', '675asrf3bBFF', 'R59BZQ5XRMGZGNHNDNF4SEW8M5ME63', '2025-06-25', '2025-07-25', NULL, 0, NULL, 139.40, 'activa', '2025-07-01 14:55:40', '2025-07-21 21:39:53'),
(31, 'eduarta79@outlook.com', 'B9C2D45', '87634bgsbnGS', 'CVVY38SCEMGQ4RFNFYEKTCAN4UBGNA3KQ', '2025-07-01', '2025-07-31', NULL, 0, NULL, 139.40, 'activa', '2025-07-01 14:55:40', '2025-07-02 00:48:07'),
(32, 'servistor9@gmail.com', 'pass', '\"Ingresa a la página con el correo y le pasaré el código cuando le pida\"', '', '2025-07-02', '2025-08-01', NULL, 0, NULL, 6.25, 'activa', '2025-07-02 13:38:13', '2025-07-02 13:45:39'),
(33, 'alwas1@outlook.es', 'as89f7h43bds', '87634fbfSFF11', NULL, '2025-07-02', '2025-08-01', NULL, 0, NULL, 139.40, 'activa', '2025-07-02 15:32:28', '2025-07-02 15:32:28'),
(34, 'meal1209@outlook.com', 'Gs75gegapheY', '57vegy7eF523', NULL, '2025-07-06', '2025-08-05', NULL, 0, NULL, 139.40, 'activa', '2025-07-06 14:26:07', '2025-07-06 14:26:07'),
(35, 'mjh56tygf@outlook.es', 'play2233s1s2', '234dfsGGGdsd', 'RB2RZU5RPKZY2GEFN6GFVRPVZRA7ZZ', '2025-07-10', '2025-08-09', NULL, 0, NULL, 75.00, 'activa', '2025-07-11 01:48:45', '2025-07-11 01:51:32'),
(36, 'superpas2@outlook.com', 'sdfg3DDe2dsf', 'asd78f3nnFFFnd', 'KXY63N6TFMABN9P68XXTQH3Z54BUVS', '2025-07-19', '2025-08-18', NULL, 0, NULL, 139.40, 'activa', '2025-07-20 10:31:48', '2025-07-20 10:34:17'),
(37, 'dimos11@outlook.es', '6asdbnf34bFF', '6asf34nbnFbbb', '4XQPE5DNM7DSNWQTEGDCZ6X5AGS9G9', '2025-07-23', '2025-08-22', NULL, 0, NULL, 139.40, 'activa', '2025-07-24 02:41:48', '2025-07-24 02:42:32'),
(38, 'uses454s@outlook.com', 'asdhbfvv77dgv', 'asf37u73trbdS', NULL, '2025-07-28', '2025-08-27', NULL, 0, NULL, 139.40, 'activa', '2025-07-28 00:34:56', '2025-07-28 00:34:56');

-- --------------------------------------------------------

--
-- Estructura de tabla para la tabla `extensiones_ventas`
--

CREATE TABLE `extensiones_ventas` (
  `id` int NOT NULL,
  `venta_id` int NOT NULL,
  `dias_adicionales` int NOT NULL,
  `vendedor_id` int NOT NULL,
  `fecha_extension` datetime DEFAULT CURRENT_TIMESTAMP,
  `motivo` text COLLATE utf8mb4_general_ci
) ENGINE=InnoDB DEFAULT CHARSET=utf8mb4 COLLATE=utf8mb4_general_ci;

-- --------------------------------------------------------

--
-- Estructura de tabla para la tabla `vendedores`
--

CREATE TABLE `vendedores` (
  `id` int NOT NULL,
  `usuario` varchar(255) COLLATE utf8mb4_general_ci NOT NULL,
  `contrasena` varchar(255) COLLATE utf8mb4_general_ci NOT NULL,
  `activo` tinyint(1) DEFAULT '1',
  `created_at` timestamp NOT NULL DEFAULT CURRENT_TIMESTAMP,
  `updated_at` timestamp NOT NULL DEFAULT CURRENT_TIMESTAMP ON UPDATE CURRENT_TIMESTAMP
) ENGINE=InnoDB DEFAULT CHARSET=utf8mb4 COLLATE=utf8mb4_general_ci;

--
-- Volcado de datos para la tabla `vendedores`
--

INSERT INTO `vendedores` (`id`, `usuario`, `contrasena`, `activo`, `created_at`, `updated_at`) VALUES
(1, 'admin', '$2y$10$u7y5rL6f9O8QzT8wRz1Q9eQZpQ4sO1kW8cQ2tU7wG5yK3wA1xYzQ9e', 1, '2025-05-07 16:40:23', '2025-05-07 16:40:23'),
(2, 'juan', '$2y$10$QW8hJ4kL9u7eT8rF6gH5sO2lP3qW1vN2bC4xZ8aS6dF7jH3kL5nM1b', 1, '2025-05-07 16:40:23', '2025-05-07 16:40:23'),
(3, 'maria', '$2y$10$Z1xY2wV3uT4rS5qP6oN7mL8kJ9hG0fE1dC2bA3zX4yW5vU6tR7sQ8p', 1, '2025-05-07 16:40:23', '2025-05-07 16:40:23'),
(4, 'jimi', '$2y$10$w8npR/p6MQFy2C7yk6Is7.W8lxuGxSGycSfOTLQ8ntTVu8yLZxY4W', 1, '2025-05-08 13:13:37', '2025-05-08 13:16:32'),
(5, '', '$2y$10$SY0prLj9Finr6i69MfThDOexZq20hJH/wJj7Ai14m77z2ZrjtQGz.', 1, '2025-05-08 13:43:29', '2025-05-08 13:43:29'),
(6, 'joe', '$2y$10$UlB.2TDdDBfWh7EqMwXlP.HnZ3Qfo1dNhM4UozZk42OKlIHjAZs12', 1, '2025-05-08 13:47:13', '2025-05-08 13:47:13'),
(7, 'joe1', '$2y$10$Re484p97YIx5Iq0eXrlY1.q4By.yt3AVGmuKHaBv8rQ2hjDQXcNVm', 1, '2025-06-27 03:28:20', '2025-07-03 19:58:58');

-- --------------------------------------------------------

--
-- Estructura de tabla para la tabla `ventas`
--

CREATE TABLE `ventas` (
  `id` int NOT NULL,
  `numero_celular` varchar(20) COLLATE utf8mb4_general_ci NOT NULL,
  `vendedor_id` int NOT NULL,
  `fecha_inicio` date NOT NULL,
  `fecha_fin` date NOT NULL,
  `pago` decimal(10,2) NOT NULL,
  `cuenta_id` int NOT NULL,
  `dias` int GENERATED ALWAYS AS ((to_days(`fecha_fin`) - to_days(`fecha_inicio`))) STORED,
  `created_at` timestamp NOT NULL DEFAULT CURRENT_TIMESTAMP,
  `updated_at` timestamp NOT NULL DEFAULT CURRENT_TIMESTAMP ON UPDATE CURRENT_TIMESTAMP
) ENGINE=InnoDB DEFAULT CHARSET=utf8mb4 COLLATE=utf8mb4_general_ci;

--
-- Volcado de datos para la tabla `ventas`
--

INSERT INTO `ventas` (`id`, `numero_celular`, `vendedor_id`, `fecha_inicio`, `fecha_fin`, `pago`, `cuenta_id`, `created_at`, `updated_at`) VALUES
(346, '77208159', 1, '2025-06-02', '2025-08-01', 52.00, 24, '2025-07-01 15:53:51', '2025-07-01 15:53:51'),
(347, '79955450', 1, '2025-06-02', '2025-07-02', 26.00, 24, '2025-07-01 15:53:51', '2025-07-01 15:53:51'),
(349, '73751052', 1, '2025-06-02', '2025-07-02', 26.00, 24, '2025-07-01 15:53:51', '2025-07-01 15:53:51'),
(352, '69658398', 1, '2025-06-02', '2025-07-02', 26.00, 24, '2025-07-01 15:53:51', '2025-07-01 15:53:51'),
(353, '72007646', 1, '2025-06-02', '2025-07-02', 26.00, 24, '2025-07-01 15:53:51', '2025-07-01 15:53:51'),
(355, '78150013', 1, '2025-06-03', '2025-07-03', 26.00, 24, '2025-07-01 15:53:51', '2025-07-01 15:53:51'),
(356, '67494743', 1, '2025-06-04', '2025-07-04', 26.00, 24, '2025-07-01 15:53:51', '2025-07-01 15:53:51'),
(357, '60717479', 1, '2025-06-03', '2025-07-03', 26.00, 24, '2025-07-01 15:53:51', '2025-07-01 15:53:51'),
(358, '67494743', 1, '2025-06-03', '2025-07-03', 26.00, 24, '2025-07-01 15:53:51', '2025-07-01 15:53:51'),
(359, '75970975', 1, '2025-06-03', '2025-07-03', 26.00, 24, '2025-07-01 15:53:51', '2025-07-01 15:53:51'),
(360, '60790425', 1, '2025-06-05', '2025-07-05', 26.00, 25, '2025-07-01 16:09:35', '2025-07-01 16:09:35'),
(362, '71547747', 1, '2025-06-05', '2025-07-05', 26.00, 25, '2025-07-01 16:09:35', '2025-07-01 16:09:35'),
(363, '69877427', 1, '2025-06-05', '2025-07-05', 26.00, 25, '2025-07-01 16:09:35', '2025-07-01 16:09:35'),
(364, '70436632', 1, '2025-06-05', '2025-09-03', 26.00, 25, '2025-07-01 16:09:35', '2025-07-01 16:09:35'),
(365, '63138856', 1, '2025-05-02', '2025-07-31', 75.00, 25, '2025-07-01 16:09:35', '2025-07-01 16:09:35'),
(366, '69414193', 1, '2025-06-06', '2025-07-06', 26.00, 25, '2025-07-01 16:09:35', '2025-07-01 16:09:35'),
(367, '67357202', 1, '2025-06-08', '2025-07-08', 26.00, 25, '2025-07-01 16:09:35', '2025-07-01 16:09:35'),
(368, '65647199', 1, '2025-06-08', '2025-07-08', 26.00, 25, '2025-07-01 16:09:35', '2025-07-01 16:09:35'),
(369, '65034450', 1, '2025-06-08', '2025-09-06', 26.00, 25, '2025-07-01 16:09:35', '2025-07-01 16:09:35'),
(370, '77449266', 1, '2025-06-09', '2025-07-09', 26.00, 25, '2025-07-01 16:09:35', '2025-07-01 16:09:35'),
(371, '74802644', 1, '2025-06-09', '2025-07-09', 26.00, 25, '2025-07-01 16:09:35', '2025-07-01 16:09:35'),
(372, '67475523', 1, '2025-06-08', '2025-07-08', 26.00, 25, '2025-07-01 16:09:35', '2025-07-01 16:09:35'),
(374, '78349311', 1, '2025-06-09', '2025-07-09', 26.00, 25, '2025-07-01 16:09:35', '2025-07-01 16:09:35'),
(375, '62636939', 1, '2025-06-09', '2025-07-09', 26.00, 25, '2025-07-01 16:09:35', '2025-07-01 16:09:35'),
(377, '76991518', 1, '2025-06-09', '2025-09-07', 75.00, 26, '2025-07-01 16:10:28', '2025-07-01 16:10:28'),
(378, '62689870', 1, '2025-06-09', '2025-07-09', 75.00, 26, '2025-07-01 16:10:28', '2025-07-01 16:10:28'),
(379, '68612334', 1, '2025-06-10', '2025-09-08', 75.00, 26, '2025-07-01 16:10:28', '2025-07-01 16:10:28'),
(380, '74221152', 1, '2025-06-10', '2025-07-10', 75.00, 26, '2025-07-01 16:10:28', '2025-07-01 16:10:28'),
(381, '67684644', 1, '2025-06-10', '2025-07-10', 26.00, 26, '2025-07-01 16:10:28', '2025-07-01 16:10:28'),
(382, '61214567', 1, '2025-06-10', '2025-07-10', 26.00, 26, '2025-07-01 16:10:28', '2025-07-01 16:10:28'),
(383, '72892087', 1, '2025-06-10', '2025-07-10', 26.00, 26, '2025-07-01 16:10:28', '2025-07-01 16:10:28'),
(385, '60752491', 1, '2025-06-11', '2025-07-11', 26.00, 26, '2025-07-01 16:10:28', '2025-07-01 16:10:28'),
(386, '67869797', 1, '2025-06-11', '2025-07-11', 26.00, 26, '2025-07-01 16:10:28', '2025-07-01 16:10:28'),
(387, '76312363', 1, '2025-06-12', '2025-07-12', 26.00, 26, '2025-07-01 16:10:28', '2025-07-01 16:10:28'),
(388, '72301708', 1, '2025-05-10', '2025-08-08', 26.00, 26, '2025-07-01 16:10:28', '2025-07-01 16:10:28'),
(389, '65716577', 1, '2025-06-12', '2025-07-12', 26.00, 26, '2025-07-01 16:10:28', '2025-07-01 16:10:28'),
(390, '68350069', 1, '2025-06-12', '2025-07-12', 26.00, 26, '2025-07-01 16:10:28', '2025-07-01 16:10:28'),
(391, '77042035', 1, '2025-06-12', '2025-07-12', 26.00, 26, '2025-07-01 16:10:28', '2025-07-01 16:10:28'),
(392, '67213747', 1, '2025-06-12', '2025-07-12', 26.00, 26, '2025-07-01 16:10:28', '2025-07-01 16:10:28'),
(393, '77234756', 1, '2025-06-13', '2025-07-13', 26.00, 27, '2025-07-01 16:11:55', '2025-07-01 16:11:55'),
(394, '69414168', 1, '2025-06-13', '2025-07-13', 26.00, 27, '2025-07-01 16:11:55', '2025-07-01 16:11:55'),
(395, '67439775', 1, '2025-06-13', '2025-07-13', 26.00, 27, '2025-07-01 16:11:55', '2025-07-01 16:11:55'),
(396, '63354705', 1, '2025-06-14', '2025-07-14', 26.00, 27, '2025-07-01 16:11:55', '2025-07-01 16:11:55'),
(398, '65303366', 1, '2025-06-15', '2025-07-15', 26.00, 27, '2025-07-01 16:11:55', '2025-07-01 16:11:55'),
(401, '76426052', 1, '2025-06-16', '2025-07-16', 26.00, 27, '2025-07-01 16:11:55', '2025-07-01 16:11:55'),
(402, '72007597', 1, '2025-06-17', '2025-07-17', 26.00, 27, '2025-07-01 16:11:55', '2025-07-01 16:11:55'),
(403, '62966584', 1, '2025-06-16', '2025-07-16', 26.00, 27, '2025-07-01 16:11:55', '2025-07-01 16:11:55'),
(404, '77459739', 1, '2025-06-13', '2025-07-13', 26.00, 27, '2025-07-01 16:11:55', '2025-07-01 16:11:55'),
(405, '75900600', 1, '2025-06-13', '2025-09-11', 75.00, 27, '2025-07-01 16:11:55', '2025-07-01 16:11:55'),
(407, '68514911', 1, '2025-06-15', '2025-07-15', 26.00, 27, '2025-07-01 16:11:55', '2025-07-01 16:11:55'),
(409, '78356995', 1, '2025-06-18', '2025-07-18', 26.00, 28, '2025-07-01 16:15:43', '2025-07-01 16:15:43'),
(413, '74703643', 1, '2025-06-14', '2025-07-14', 26.00, 28, '2025-07-01 16:15:43', '2025-07-01 16:15:43'),
(415, '72873013', 1, '2025-06-17', '2025-07-17', 26.00, 28, '2025-07-01 16:15:43', '2025-07-01 16:15:43'),
(416, '68581184', 1, '2025-06-13', '2025-07-13', 26.00, 28, '2025-07-01 16:15:43', '2025-07-01 16:15:43'),
(420, '51906122922', 1, '2025-06-18', '2025-07-18', 26.00, 28, '2025-07-01 16:15:43', '2025-07-01 16:15:43'),
(422, '72737828', 1, '2025-06-19', '2025-07-19', 26.00, 28, '2025-07-01 16:15:43', '2025-07-01 16:15:43'),
(426, '69439142', 1, '2025-06-15', '2025-07-15', 26.00, 29, '2025-07-01 16:17:56', '2025-07-01 16:17:56'),
(427, '75282136', 1, '2025-06-23', '2025-07-23', 26.00, 29, '2025-07-01 16:17:56', '2025-07-01 16:17:56'),
(428, '71499998', 1, '2025-06-23', '2025-07-23', 26.00, 29, '2025-07-01 16:17:56', '2025-07-01 16:17:56'),
(430, '72723693', 1, '2025-06-21', '2025-07-21', 26.00, 29, '2025-07-01 16:17:56', '2025-07-01 16:17:56'),
(432, '69066632', 1, '2025-06-23', '2025-07-23', 26.00, 29, '2025-07-01 16:17:56', '2025-07-01 16:17:56'),
(433, '65512107', 1, '2025-06-24', '2025-07-24', 26.00, 29, '2025-07-01 16:17:56', '2025-07-01 16:17:56'),
(434, '77523684', 1, '2025-06-24', '2025-07-24', 26.00, 29, '2025-07-01 16:17:56', '2025-07-01 16:17:56'),
(435, '68515068', 1, '2025-06-24', '2025-07-24', 26.00, 29, '2025-07-01 16:17:56', '2025-07-01 16:17:56'),
(436, '60719320', 1, '2025-06-24', '2025-07-24', 26.00, 29, '2025-07-01 16:17:56', '2025-07-01 16:17:56'),
(437, '79974362', 1, '2025-06-24', '2025-07-24', 26.00, 29, '2025-07-01 16:17:56', '2025-07-01 16:17:56'),
(440, '63950939', 1, '2025-06-25', '2025-07-25', 26.00, 30, '2025-07-01 16:27:33', '2025-07-01 16:27:33'),
(442, '69448794', 1, '2025-06-25', '2025-07-25', 26.00, 30, '2025-07-01 16:27:33', '2025-07-01 16:27:33'),
(443, '63950939', 1, '2025-06-25', '2025-07-25', 26.00, 30, '2025-07-01 16:27:33', '2025-07-01 16:27:33'),
(444, '71448500', 1, '2025-06-25', '2025-07-25', 26.00, 30, '2025-07-01 16:27:33', '2025-07-01 16:27:33'),
(445, '72038768', 1, '2025-06-25', '2025-07-25', 26.00, 30, '2025-07-01 16:27:33', '2025-07-01 16:27:33'),
(446, '77344632', 1, '2025-06-25', '2025-07-25', 26.00, 30, '2025-07-01 16:27:33', '2025-07-01 16:27:33'),
(447, '72939380', 1, '2025-06-26', '2025-07-26', 26.00, 30, '2025-07-01 16:27:33', '2025-07-01 16:27:33'),
(448, '76120449', 1, '2025-06-26', '2025-07-26', 26.00, 30, '2025-07-01 16:27:33', '2025-07-01 16:27:33'),
(451, '68423736', 1, '2025-06-26', '2025-07-26', 26.00, 30, '2025-07-01 16:27:33', '2025-07-01 16:27:33'),
(452, '67184183', 1, '2025-06-26', '2025-07-26', 26.00, 30, '2025-07-01 16:27:33', '2025-07-01 16:27:33'),
(453, '72210676', 1, '2025-06-27', '2025-07-27', 26.00, 30, '2025-07-01 16:27:33', '2025-07-01 16:27:33'),
(454, '77439033', 1, '2025-06-27', '2025-07-27', 26.00, 30, '2025-07-01 16:27:33', '2025-07-01 16:27:33'),
(455, '70779058', 1, '2025-06-27', '2025-07-27', 26.00, 30, '2025-07-01 16:27:33', '2025-07-01 16:27:33'),
(456, '67010242', 1, '2025-07-01', '2025-07-31', 26.00, 31, '2025-07-01 16:29:15', '2025-07-01 16:29:15'),
(457, '76902227', 1, '2025-07-01', '2025-07-31', 26.00, 31, '2025-07-01 16:29:15', '2025-07-01 16:29:15'),
(458, '67439213', 1, '2025-07-01', '2025-07-31', 26.00, 31, '2025-07-01 16:29:15', '2025-07-01 16:29:15'),
(459, '69683328', 1, '2025-07-01', '2025-07-31', 26.00, 31, '2025-07-01 16:29:15', '2025-07-01 16:29:15'),
(460, '72223517', 1, '2025-07-01', '2025-07-31', 26.00, 31, '2025-07-01 16:29:15', '2025-07-01 16:29:15'),
(461, '70788043', 1, '2025-07-01', '2025-07-31', 26.00, 31, '2025-07-01 16:29:15', '2025-07-01 16:29:15'),
(462, '75479287', 7, '2025-07-01', '2025-07-31', 26.00, 31, '2025-07-01 22:33:54', '2025-07-01 22:33:54'),
(463, '76490074', 7, '2025-07-01', '2025-07-31', 26.00, 31, '2025-07-01 22:36:45', '2025-07-01 22:36:45'),
(464, '78821025', 7, '2025-07-01', '2025-09-29', 75.00, 31, '2025-07-01 22:38:05', '2025-07-01 22:38:05'),
(465, '67081296', 7, '2025-07-01', '2025-07-31', 26.00, 31, '2025-07-01 22:47:01', '2025-07-01 22:47:01'),
(467, '71496004', 7, '2025-07-02', '2025-09-30', 75.00, 31, '2025-07-02 11:49:56', '2025-07-02 11:49:56'),
(468, '60710998', 7, '2025-07-02', '2025-08-01', 26.00, 31, '2025-07-02 13:36:00', '2025-07-02 13:36:00'),
(469, '72982501', 7, '2025-07-02', '2025-08-01', 26.00, 31, '2025-07-02 13:36:52', '2025-07-02 13:36:52'),
(470, '75121994', 7, '2025-07-02', '2025-08-01', 26.00, 31, '2025-07-02 13:43:55', '2025-07-02 14:29:35'),
(471, '72534842', 7, '2025-07-01', '2025-07-31', 15.00, 32, '2025-07-02 13:49:38', '2025-07-02 13:49:38'),
(472, '70788043', 7, '2025-07-01', '2025-07-31', 15.00, 32, '2025-07-02 13:50:23', '2025-07-02 13:50:23'),
(473, '63945645', 7, '2025-07-02', '2025-08-01', 26.00, 33, '2025-07-02 15:34:22', '2025-07-02 15:34:22'),
(474, '76413936', 7, '2025-07-02', '2025-08-01', 26.00, 33, '2025-07-02 15:34:53', '2025-07-02 15:34:53'),
(475, '76315339', 7, '2025-07-02', '2025-08-01', 26.00, 33, '2025-07-02 20:41:13', '2025-07-02 20:41:13'),
(476, '67870153', 7, '2025-07-03', '2025-08-02', 26.00, 33, '2025-07-03 14:55:56', '2025-07-03 14:55:56'),
(477, '78694239', 7, '2025-07-03', '2025-08-02', 26.00, 33, '2025-07-03 15:08:47', '2025-07-03 15:08:47'),
(478, '76431374', 7, '2025-07-03', '2025-08-02', 26.00, 33, '2025-07-03 19:34:19', '2025-07-03 19:34:19'),
(480, '74532717', 7, '2025-07-03', '2025-08-02', 26.00, 33, '2025-07-04 00:08:25', '2025-07-04 00:08:25'),
(481, '75988349', 7, '2025-07-03', '2025-08-02', 26.00, 33, '2025-07-04 00:08:48', '2025-07-04 00:08:48'),
(482, '75988349', 7, '2025-07-03', '2025-08-02', 12.00, 32, '2025-07-04 00:09:30', '2025-07-04 00:09:30'),
(483, '61844323', 7, '2025-07-03', '2025-09-01', 1.00, 33, '2025-07-04 00:11:50', '2025-07-04 00:11:50'),
(484, '73329792', 7, '2025-07-04', '2025-08-03', 26.00, 33, '2025-07-04 14:09:19', '2025-07-04 14:09:19'),
(485, '70786316', 7, '2025-07-04', '2025-08-03', 26.00, 33, '2025-07-04 14:36:09', '2025-07-04 14:36:09'),
(486, '77346865', 7, '2025-07-04', '2025-08-03', 26.00, 33, '2025-07-04 15:01:40', '2025-07-04 15:01:40'),
(488, '60351024', 7, '2025-07-04', '2025-08-03', 30.00, 33, '2025-07-04 16:20:10', '2025-07-04 16:20:10'),
(489, '72843413', 7, '2025-07-04', '2025-10-02', 75.00, 33, '2025-07-04 20:12:30', '2025-07-04 20:12:30'),
(490, '68483431', 7, '2025-06-11', '2025-07-11', 26.00, 26, '2025-07-04 20:15:26', '2025-07-04 20:15:26'),
(491, '68483431', 7, '2025-07-04', '2025-08-03', 26.00, 33, '2025-07-04 20:15:42', '2025-07-04 20:15:42'),
(492, '69155907', 7, '2025-07-05', '2025-08-04', 26.00, 33, '2025-07-05 23:41:35', '2025-07-05 23:41:35'),
(493, '67201269', 7, '2025-07-06', '2025-08-05', 26.00, 31, '2025-07-06 13:54:48', '2025-07-06 13:54:48'),
(494, '78962279', 7, '2025-07-06', '2025-08-05', 26.00, 34, '2025-07-06 15:29:07', '2025-07-06 15:29:07'),
(495, '72137522', 7, '2025-07-06', '2025-08-05', 26.00, 34, '2025-07-06 19:13:03', '2025-07-06 19:13:03'),
(496, '71074091', 7, '2025-07-07', '2025-08-06', 26.00, 34, '2025-07-07 14:47:06', '2025-07-07 14:47:06'),
(497, '62636695', 7, '2025-07-07', '2025-08-06', 26.00, 34, '2025-07-07 17:56:34', '2025-07-07 17:56:34'),
(498, '72433459', 7, '2025-07-07', '2025-08-06', 26.00, 34, '2025-07-07 18:14:13', '2025-07-07 18:14:13'),
(499, '70669756', 7, '2025-07-07', '2025-10-05', 75.00, 34, '2025-07-07 19:18:17', '2025-07-07 19:18:17'),
(500, '75668604', 7, '2025-07-07', '2025-08-06', 26.00, 34, '2025-07-07 21:28:07', '2025-07-07 21:28:07'),
(501, '63943729', 7, '2025-07-07', '2025-08-06', 20.00, 32, '2025-07-07 21:57:54', '2025-07-07 21:57:54'),
(502, '71453652', 7, '2025-07-07', '2025-10-05', 75.00, 34, '2025-07-07 23:25:42', '2025-07-07 23:25:42'),
(503, '70805966', 7, '2025-07-07', '2025-08-06', 26.00, 34, '2025-07-08 00:46:09', '2025-07-08 00:46:09'),
(504, '74839333', 7, '2025-07-07', '2025-10-05', 75.00, 34, '2025-07-08 00:51:18', '2025-07-08 00:51:18'),
(505, '74218123', 7, '2025-07-07', '2025-08-06', 26.00, 34, '2025-07-08 01:29:15', '2025-07-08 01:29:15'),
(506, '75118556', 7, '2025-07-07', '2025-08-06', 26.00, 34, '2025-07-08 02:45:34', '2025-07-08 02:45:34'),
(508, '67560909', 7, '2025-07-08', '2025-10-06', 75.00, 34, '2025-07-08 10:12:31', '2025-07-08 10:12:31'),
(509, '70164070', 7, '2025-07-08', '2025-08-07', 26.00, 34, '2025-07-08 20:54:04', '2025-07-08 20:54:04'),
(510, '72782809', 7, '2025-07-08', '2025-08-07', 26.00, 34, '2025-07-09 03:17:13', '2025-07-09 03:17:13'),
(511, '72731520', 7, '2025-07-09', '2025-10-07', 75.00, 34, '2025-07-09 16:40:34', '2025-07-09 16:40:34'),
(512, '63887172', 7, '2025-07-10', '2025-08-09', 26.00, 34, '2025-07-10 19:45:34', '2025-07-10 19:45:34'),
(513, '79347616', 7, '2025-07-10', '2025-08-09', 26.00, 29, '2025-07-10 19:46:34', '2025-07-10 19:46:34'),
(514, '77702491', 7, '2025-07-10', '2025-08-09', 26.00, 33, '2025-07-10 19:56:10', '2025-07-10 19:56:10'),
(515, '63991616', 7, '2025-07-10', '2025-08-09', 26.00, 35, '2025-07-11 01:49:55', '2025-07-11 01:49:55'),
(516, '68441435', 7, '2025-07-10', '2025-08-09', 26.00, 35, '2025-07-11 01:54:35', '2025-07-11 01:54:35'),
(517, '76665627', 7, '2025-07-11', '2025-08-10', 13.00, 32, '2025-07-11 14:22:14', '2025-07-11 14:22:14'),
(518, '67716220', 7, '2025-07-11', '2025-08-10', 26.00, 35, '2025-07-11 17:06:32', '2025-07-11 17:06:32'),
(519, '68583107', 7, '2025-07-11', '2025-08-10', 26.00, 35, '2025-07-11 19:57:16', '2025-07-11 19:57:16'),
(520, '73767500', 7, '2025-07-11', '2025-08-10', 26.00, 35, '2025-07-11 23:34:17', '2025-07-11 23:34:17'),
(521, '72291568', 7, '2025-07-12', '2025-08-11', 26.00, 35, '2025-07-12 15:06:53', '2025-07-12 15:06:53'),
(522, '77588891', 7, '2025-07-12', '2025-08-11', 26.00, 35, '2025-07-12 19:05:21', '2025-07-12 19:05:21'),
(523, '72103000', 7, '2025-07-13', '2025-08-12', 26.00, 35, '2025-07-13 21:22:23', '2025-07-13 21:22:23'),
(524, '73762018', 7, '2025-07-14', '2025-08-13', 26.00, 35, '2025-07-14 23:25:22', '2025-07-14 23:25:22'),
(525, '79586799', 7, '2025-07-16', '2025-08-15', 26.00, 35, '2025-07-16 23:38:39', '2025-07-16 23:38:39'),
(526, '74018766', 7, '2025-07-17', '2025-08-16', 26.00, 35, '2025-07-17 12:53:45', '2025-07-17 12:53:45'),
(527, '76504541', 7, '2025-07-17', '2025-08-16', 26.00, 35, '2025-07-17 12:54:11', '2025-07-17 12:54:11'),
(528, '60109700', 7, '2025-07-17', '2025-08-16', 26.00, 35, '2025-07-17 13:11:36', '2025-07-17 13:11:36'),
(529, '77014402', 7, '2025-07-17', '2025-08-16', 26.00, 35, '2025-07-17 13:13:49', '2025-07-17 13:13:49'),
(530, '69428020', 7, '2025-07-04', '2025-08-03', 15.00, 32, '2025-07-17 13:14:37', '2025-07-17 13:14:37'),
(531, '75982681', 7, '2025-07-17', '2025-10-15', 75.00, 35, '2025-07-17 16:06:59', '2025-07-17 16:06:59'),
(532, '74504549', 7, '2025-07-18', '2025-08-17', 18.00, 32, '2025-07-18 19:40:27', '2025-07-18 19:40:27'),
(533, '70390740', 7, '2025-07-01', '2025-09-29', 75.00, 36, '2025-07-20 10:32:36', '2025-07-20 10:32:36'),
(534, '78247952', 7, '2025-07-20', '2025-08-19', 26.00, 36, '2025-07-20 13:08:23', '2025-07-20 13:08:23'),
(535, '63066900', 7, '2025-07-20', '2025-08-19', 26.00, 36, '2025-07-20 21:48:18', '2025-07-20 21:48:18'),
(536, '70765291', 7, '2025-07-21', '2025-08-20', 26.00, 36, '2025-07-21 21:13:08', '2025-07-21 21:13:08'),
(537, '68462658', 7, '2025-06-25', '2025-07-25', 26.00, 30, '2025-07-21 21:15:05', '2025-07-21 21:15:05'),
(539, '78656921', 7, '2025-06-25', '2025-08-24', 52.00, 30, '2025-07-21 21:50:16', '2025-07-21 21:50:16'),
(540, '69442056', 7, '2025-06-25', '2025-07-25', 26.00, 30, '2025-07-22 13:18:27', '2025-07-22 13:18:27'),
(541, '79965647', 7, '2025-07-22', '2025-10-20', 75.00, 36, '2025-07-22 18:47:05', '2025-07-22 18:47:05'),
(542, '74569800', 7, '2025-07-22', '2025-08-21', 26.00, 36, '2025-07-22 18:48:03', '2025-07-22 18:48:03'),
(543, '75408368', 7, '2025-07-22', '2025-08-21', 26.00, 36, '2025-07-22 18:52:06', '2025-07-22 18:52:06'),
(544, '75408368', 7, '2025-07-22', '2025-08-21', 15.00, 32, '2025-07-22 18:55:11', '2025-07-22 18:55:11'),
(545, '67603522', 7, '2025-07-22', '2025-08-21', 26.00, 36, '2025-07-22 20:32:56', '2025-07-22 20:32:56'),
(546, '75189827', 7, '2025-05-06', '2025-08-04', 75.00, 36, '2025-07-22 20:36:57', '2025-07-22 20:36:57'),
(547, '70590007', 7, '2025-07-22', '2025-08-21', 26.00, 36, '2025-07-22 22:23:48', '2025-07-22 22:23:48'),
(548, '78335459', 7, '2025-07-23', '2025-08-22', 26.00, 36, '2025-07-23 12:48:59', '2025-07-23 12:48:59'),
(549, '69845509', 7, '2025-07-23', '2025-08-22', 26.00, 36, '2025-07-23 13:33:42', '2025-07-23 13:33:42'),
(551, '65347817', 7, '2025-07-23', '2025-10-21', 75.00, 36, '2025-07-23 14:31:43', '2025-07-23 14:31:43'),
(552, '70399226', 7, '2025-07-23', '2025-10-21', 75.00, 36, '2025-07-23 16:51:08', '2025-07-23 16:51:08'),
(553, '70399226', 7, '2025-07-23', '2025-10-21', 33.00, 32, '2025-07-23 16:51:47', '2025-07-23 16:51:47'),
(554, '69527422', 7, '2025-07-23', '2025-10-21', 75.00, 36, '2025-07-23 20:52:38', '2025-07-23 20:52:38'),
(555, '63860672', 7, '2025-07-23', '2025-08-22', 50.00, 36, '2025-07-23 20:53:09', '2025-07-23 20:53:09'),
(556, '69741204', 7, '2025-07-23', '2025-08-22', 26.00, 36, '2025-07-24 02:22:10', '2025-07-24 02:22:10'),
(557, '79382493', 7, '2025-06-13', '2025-09-11', 50.00, 37, '2025-07-24 02:45:37', '2025-07-24 02:45:37'),
(558, '75267780', 7, '2025-07-27', '2025-08-26', 26.00, 37, '2025-07-24 02:46:52', '2025-07-24 02:46:52'),
(559, '79751999', 7, '2025-07-23', '2025-08-22', 26.00, 37, '2025-07-24 02:52:31', '2025-07-24 02:52:31'),
(561, '62715963', 7, '2025-06-16', '2025-09-14', 50.00, 37, '2025-07-24 02:55:47', '2025-07-24 02:55:47'),
(562, '70436632', 7, '2025-06-16', '2025-09-14', 50.00, 37, '2025-07-24 02:58:29', '2025-07-24 02:58:29'),
(563, '69723824', 7, '2025-07-24', '2025-08-23', 26.00, 37, '2025-07-24 15:54:46', '2025-07-24 15:54:46'),
(564, '62464711', 7, '2025-07-24', '2025-08-23', 26.00, 37, '2025-07-24 15:55:51', '2025-07-24 15:55:51'),
(565, '70663647', 7, '2025-07-24', '2025-08-23', 26.00, 37, '2025-07-24 19:20:12', '2025-07-24 19:20:12'),
(566, '75967698', 7, '2025-07-25', '2025-08-24', 26.00, 37, '2025-07-25 12:40:18', '2025-07-25 12:40:18'),
(567, '77993385', 7, '2025-07-25', '2025-08-24', 26.00, 37, '2025-07-25 21:50:50', '2025-07-25 21:50:50'),
(568, '77908757', 7, '2025-07-25', '2025-08-24', 26.00, 37, '2025-07-26 00:15:58', '2025-07-26 00:15:58'),
(569, '61131378', 7, '2025-07-25', '2025-08-24', 26.00, 37, '2025-07-26 00:38:04', '2025-07-26 00:38:04'),
(570, '76653439', 7, '2025-07-26', '2025-08-25', 26.00, 37, '2025-07-26 17:52:42', '2025-07-26 17:52:42'),
(571, '78839890', 7, '2025-07-26', '2025-08-25', 26.00, 37, '2025-07-26 23:43:09', '2025-07-26 23:43:09'),
(572, '75942419', 7, '2025-07-26', '2025-08-25', 26.00, 37, '2025-07-27 03:00:58', '2025-07-27 03:00:58'),
(573, '73077242', 7, '2025-07-27', '2025-08-26', 26.00, 32, '2025-07-27 12:31:26', '2025-07-27 12:31:26'),
(574, '72818359', 7, '2025-07-27', '2025-08-26', 26.00, 37, '2025-07-27 14:46:59', '2025-07-27 14:46:59'),
(575, '78301330', 7, '2025-07-27', '2025-08-26', 26.00, 37, '2025-07-27 23:52:32', '2025-07-27 23:52:32'),
(576, '78821025', 7, '2025-07-27', '2025-08-26', 26.00, 38, '2025-07-28 00:35:34', '2025-07-28 00:35:34'),
(577, '72239336', 7, '2025-07-27', '2025-08-26', 26.00, 38, '2025-07-28 00:36:38', '2025-07-28 00:36:38'),
(578, '71541262', 7, '2025-07-27', '2025-08-26', 26.00, 38, '2025-07-28 00:37:03', '2025-07-28 00:37:03'),
(579, '72929569', 7, '2025-07-28', '2025-08-27', 26.00, 38, '2025-07-28 12:05:02', '2025-07-28 12:05:02'),
(580, '74839333', 7, '2025-07-28', '2025-10-26', 100.00, 38, '2025-07-28 15:23:54', '2025-07-28 15:23:54'),
(581, '78888885', 7, '2025-07-28', '2025-09-05', 26.00, 38, '2025-07-28 16:24:40', '2025-07-29 17:22:46'),
(582, '78918847', 7, '2025-07-28', '2025-08-27', 26.00, 38, '2025-07-28 19:08:09', '2025-07-28 19:08:09'),
(583, '78926181', 7, '2025-07-28', '2025-08-27', 26.00, 38, '2025-07-28 19:30:26', '2025-07-28 19:30:26'),
(584, '77127627', 7, '2025-07-28', '2025-08-27', 26.00, 38, '2025-07-28 20:04:23', '2025-07-28 20:04:23'),
(585, '63100861', 7, '2025-07-29', '2025-08-28', 26.00, 38, '2025-07-29 18:39:22', '2025-07-29 18:39:22'),
(586, '67674369', 7, '2025-07-29', '2025-08-28', 26.00, 38, '2025-07-29 18:41:31', '2025-07-29 18:41:31'),
(587, '72072077', 7, '2025-07-29', '2025-10-27', 75.00, 38, '2025-07-29 20:54:40', '2025-07-29 20:54:40'),
(588, '72736126', 7, '2025-07-29', '2025-10-27', 75.00, 38, '2025-07-29 22:13:22', '2025-07-29 22:13:22'),
(589, '72736126', 7, '2025-07-29', '2025-10-27', 40.00, 32, '2025-07-29 22:18:47', '2025-07-29 22:18:47');

--
-- Índices para tablas volcadas
--

--
-- Indices de la tabla `cuentas`
--
ALTER TABLE `cuentas`
  ADD PRIMARY KEY (`id`),
  ADD UNIQUE KEY `correo` (`correo`),
  ADD KEY `idx_cuentas_estado` (`estado`);

--
-- Indices de la tabla `extensiones_ventas`
--
ALTER TABLE `extensiones_ventas`
  ADD PRIMARY KEY (`id`),
  ADD KEY `venta_id` (`venta_id`),
  ADD KEY `vendedor_id` (`vendedor_id`);

--
-- Indices de la tabla `vendedores`
--
ALTER TABLE `vendedores`
  ADD PRIMARY KEY (`id`),
  ADD UNIQUE KEY `usuario` (`usuario`);

--
-- Indices de la tabla `ventas`
--
ALTER TABLE `ventas`
  ADD PRIMARY KEY (`id`),
  ADD KEY `cuenta_id` (`cuenta_id`),
  ADD KEY `idx_ventas_vendedor` (`vendedor_id`),
  ADD KEY `idx_ventas_fechas` (`fecha_inicio`,`fecha_fin`);

--
-- AUTO_INCREMENT de las tablas volcadas
--

--
-- AUTO_INCREMENT de la tabla `cuentas`
--
ALTER TABLE `cuentas`
  MODIFY `id` int NOT NULL AUTO_INCREMENT, AUTO_INCREMENT=39;

--
-- AUTO_INCREMENT de la tabla `extensiones_ventas`
--
ALTER TABLE `extensiones_ventas`
  MODIFY `id` int NOT NULL AUTO_INCREMENT, AUTO_INCREMENT=3;

--
-- AUTO_INCREMENT de la tabla `vendedores`
--
ALTER TABLE `vendedores`
  MODIFY `id` int NOT NULL AUTO_INCREMENT, AUTO_INCREMENT=9;

--
-- AUTO_INCREMENT de la tabla `ventas`
--
ALTER TABLE `ventas`
  MODIFY `id` int NOT NULL AUTO_INCREMENT, AUTO_INCREMENT=590;

--
-- Restricciones para tablas volcadas
--

--
-- Filtros para la tabla `extensiones_ventas`
--
ALTER TABLE `extensiones_ventas`
  ADD CONSTRAINT `extensiones_ventas_ibfk_1` FOREIGN KEY (`venta_id`) REFERENCES `ventas` (`id`) ON DELETE CASCADE,
  ADD CONSTRAINT `extensiones_ventas_ibfk_2` FOREIGN KEY (`vendedor_id`) REFERENCES `vendedores` (`id`);

--
-- Filtros para la tabla `ventas`
--
ALTER TABLE `ventas`
  ADD CONSTRAINT `ventas_ibfk_1` FOREIGN KEY (`cuenta_id`) REFERENCES `cuentas` (`id`),
  ADD CONSTRAINT `ventas_ibfk_2` FOREIGN KEY (`vendedor_id`) REFERENCES `vendedores` (`id`);
COMMIT;

/*!40101 SET CHARACTER_SET_CLIENT=@OLD_CHARACTER_SET_CLIENT */;
/*!40101 SET CHARACTER_SET_RESULTS=@OLD_CHARACTER_SET_RESULTS */;
/*!40101 SET COLLATION_CONNECTION=@OLD_COLLATION_CONNECTION */;
