-- phpMyAdmin SQL Dump
-- version 5.2.2
-- https://www.phpmyadmin.net/
--
-- Servidor: localhost:3306
-- Tiempo de generación: 23-11-2025 a las 23:36:10
-- Versión del servidor: 8.0.43-cll-lve
-- Versión de PHP: 8.3.27

SET SQL_MODE = "NO_AUTO_VALUE_ON_ZERO";
START TRANSACTION;
SET time_zone = "+00:00";


/*!40101 SET @OLD_CHARACTER_SET_CLIENT=@@CHARACTER_SET_CLIENT */;
/*!40101 SET @OLD_CHARACTER_SET_RESULTS=@@CHARACTER_SET_RESULTS */;
/*!40101 SET @OLD_COLLATION_CONNECTION=@@COLLATION_CONNECTION */;
/*!40101 SET NAMES utf8mb4 */;

--
-- Base de datos: `alwsgine_v4_3jul`
--

-- --------------------------------------------------------

--
-- Estructura de tabla para la tabla `cuentas`
--

CREATE TABLE `cuentas` (
  `id` int NOT NULL,
  `correo` varchar(255) COLLATE utf8mb4_general_ci NOT NULL,
  `contrasena_correo` varchar(255) COLLATE utf8mb4_general_ci NOT NULL,
  `contrasena_gpt` varchar(255) COLLATE utf8mb4_general_ci NOT NULL,
  `codigo` varchar(50) COLLATE utf8mb4_general_ci DEFAULT NULL,
  `fecha_inicio` date NOT NULL,
  `fecha_fin` date DEFAULT NULL,
  `dias` int DEFAULT NULL,
  `usuarios` int DEFAULT '0',
  `ganancia` decimal(10,2) DEFAULT NULL,
  `costo` decimal(10,2) NOT NULL,
  `tipo_cuenta` enum('gpt','gemini','perplexity') COLLATE utf8mb4_general_ci DEFAULT NULL,
  `estado` enum('activa','inactiva','suspendida','baneada') COLLATE utf8mb4_general_ci DEFAULT 'activa',
  `created_at` timestamp NOT NULL DEFAULT CURRENT_TIMESTAMP,
  `updated_at` timestamp NOT NULL DEFAULT CURRENT_TIMESTAMP ON UPDATE CURRENT_TIMESTAMP
) ENGINE=InnoDB DEFAULT CHARSET=utf8mb4 COLLATE=utf8mb4_general_ci;

--
-- Volcado de datos para la tabla `cuentas`
--

INSERT INTO `cuentas` (`id`, `correo`, `contrasena_correo`, `contrasena_gpt`, `codigo`, `fecha_inicio`, `fecha_fin`, `dias`, `usuarios`, `ganancia`, `costo`, `tipo_cuenta`, `estado`, `created_at`, `updated_at`) VALUES
(32, 'servistor9@gmail.com', 'pass', '\"Ingresa a la página con el correo y le pasaré el código cuando le pida\"', '', '2025-07-02', '2025-08-01', NULL, 0, NULL, 6.25, 'perplexity', 'activa', '2025-07-02 13:38:13', '2025-08-14 14:08:30'),
(36, 'superpas2@outlook.com', 'sdfg3DDe2dsf', 'asd78f3nnFFFnd', 'KXY63N6TFMABN9P68XXTQH3Z54BUVS', '2025-07-19', '2025-08-18', NULL, 0, NULL, 139.40, NULL, 'activa', '2025-07-20 10:31:48', '2025-07-20 10:34:17'),
(37, 'dimos11@outlook.es', '6asdbnf34bFF', '65f3bvbF3bF111', '4XQPE5DNM7DSNWQTEGDCZ6X5AGS9G9', '2025-07-23', '2025-08-22', NULL, 0, NULL, 139.40, 'gpt', 'activa', '2025-07-24 02:41:48', '2025-08-15 21:08:48'),
(38, 'uses454s@outlook.com', 'asdhbfvv77dgv', 'asf37u73trbdS', '', '2025-07-28', '2025-08-27', NULL, 0, NULL, 139.40, 'gpt', 'activa', '2025-07-28 00:34:56', '2025-07-29 22:32:03'),
(39, 'xavimacc1@gmail.com', 'sinRev', '\"Ingresa a la página con el correo y le pasaré el código cuando le pida\"', '', '2025-07-29', '2025-08-28', NULL, 0, NULL, 97.99, 'perplexity', 'activa', '2025-07-30 01:03:12', '2025-08-07 22:43:17'),
(40, 'getays3@outlook.com', 'monsu334dsfSsd', 'jsdi5675GSYW', 'BTDSBKWRNACGYS6FK24CNGC58TUUEE', '2025-07-30', '2025-08-29', NULL, 0, NULL, 134.40, 'gpt', 'activa', '2025-07-30 20:19:14', '2025-08-07 13:19:58'),
(41, 'abed-mowa@hotmail.com', 'rivera33dd2S', '35asdgSDFghjs', 'MHMHWFQUYS9G2WNDYA98UHNGYBS37G', '2025-08-07', '2025-09-06', NULL, 0, NULL, 81.00, 'gpt', 'activa', '2025-08-07 22:42:49', '2025-08-07 22:43:08'),
(42, 'miragetwo@outlook.es', '234edfsf3f33FF', '56378bGBfv3S', '', '2025-08-10', '2025-09-09', NULL, 0, NULL, 81.00, 'gpt', 'activa', '2025-08-11 01:15:02', '2025-08-11 01:25:28'),
(43, 'miragefour@outlook.es', '345asdxfg<gg', '67a8snf34bnF', 'CNFWHB69M87UUFF2N4AGZRKFEQVZ9K', '2025-08-13', '2025-09-12', NULL, 0, NULL, 70.19, 'gpt', 'activa', '2025-08-13 20:14:36', '2025-08-13 20:14:57'),
(44, 'miragethree@outlook.es', '345tasdgGGdfs', 'Sdasd3tgSDFF', NULL, '2025-08-14', '2025-09-16', NULL, 0, NULL, 84.00, NULL, 'activa', '2025-08-17 20:44:06', '2025-08-17 20:44:06'),
(45, 'miragefive@outlook.es', 'q3w4fdxgDDD', 'asg4hafdDDGd', NULL, '2025-08-18', '2025-09-18', NULL, 0, NULL, 68.00, NULL, 'inactiva', '2025-08-19 10:38:22', '2025-09-16 15:23:14'),
(46, 'miragesix@outlook.es', '23456gbjhsdf', '3246sdffddDfdf', NULL, '2025-08-21', '2025-09-20', NULL, 0, NULL, 68.00, NULL, 'inactiva', '2025-08-21 20:18:15', '2025-09-16 15:23:13'),
(47, 'milinforme@gmail.com', 'sin', '\"Ingresa a la página con el correo y le pasaré el código cuando le pida\"', '', '2025-08-26', '2025-09-25', NULL, 0, NULL, 50.00, 'perplexity', 'activa', '2025-08-26 21:17:41', '2025-09-26 18:08:58'),
(48, 'mirageseven@outlook.es', 'f276f3bFasghS', '8a7f3basdfhF', 'FYSR32HKFQUCKTRV8K9UVGKW9XZFMX', '2025-08-26', '2025-09-25', NULL, 0, NULL, 66.00, 'gpt', 'inactiva', '2025-08-27 00:52:07', '2025-09-16 15:23:09'),
(49, 'mirageeigth@outlook.es', '34ysdfhdfgh4SD', 'asdg4hdHH111', 'QSPHBHHXBCPVBPVN2TDCKA2T3THC3Q', '2025-09-01', '2025-10-01', NULL, 0, NULL, 65.00, 'gpt', 'inactiva', '2025-08-31 22:23:46', '2025-09-16 15:23:11'),
(50, 'miragenine@outlook.es', '34ysdfhdfgh4SW', '652fbsdjfhvS', '6ZMT6GVBSBKD4MSNWB78WUQ9WBER92', '2025-09-04', '2025-10-04', NULL, 0, NULL, 60.00, 'gpt', 'inactiva', '2025-09-04 01:35:33', '2025-09-16 15:23:08'),
(51, 'mirageten@outlook.es', '8f73bfsdf93bh', 'aisjbf378FFF', '9DDUQ2E9A8D98Y6TP8VH6MTCYWWAYY', '2025-09-09', '2025-10-09', NULL, 0, NULL, 63.00, 'gpt', 'inactiva', '2025-09-09 21:25:42', '2025-10-13 11:19:45'),
(52, 'mirageleven@outlook.es', 'afv8379bfsb', '1234fsgdfgS11', 'P7CSEK4QN6T32DR64UQZPV3VRUYQK9', '2025-09-14', '2025-10-14', NULL, 0, NULL, 65.00, 'gpt', 'inactiva', '2025-09-15 01:19:35', '2025-10-13 11:20:04'),
(53, 'miragetwelve@outlook.es', '786f432bbFF', 'f98432bngsdbSF', 'K4FM4QVGGA8S2W9UYM5D77W2BVFBG5', '2025-09-16', '2025-10-16', NULL, 0, NULL, 65.00, 'gpt', 'activa', '2025-09-16 15:22:47', '2025-09-16 15:22:59'),
(54, 'chilliWilly1207@outlook.com', 'gini455Willy12', '6724gbSfbb111', 'BYXSZKHP9E2PTG7AEZ3WMHB9U7BE93', '2025-09-19', '2025-10-19', NULL, 0, NULL, 65.00, 'gpt', 'activa', '2025-09-19 11:53:07', '2025-09-19 11:53:21'),
(55, 'bellabellenailstore@outlook.es', '5768asdSFsfgFF', '2847tbsdbgbbGG', 'XQF4N7Y7B3QRDX9HHWACWFHTN32W74', '2025-09-21', '2025-10-21', NULL, 0, NULL, 65.00, 'gpt', 'activa', '2025-09-21 13:50:29', '2025-09-21 13:50:45'),
(56, 'h60291182@gmail.com', 'a8f73tFSfb@', 'a8f73tFSfb@', '', '2025-09-21', '2025-10-21', NULL, 0, NULL, 20.00, 'gemini', 'activa', '2025-09-21 21:39:17', '2025-09-21 21:39:29'),
(57, 'kinghabzb@gmail.com', '99mama99', '99mama99', '', '2025-09-24', '2025-10-24', NULL, 0, NULL, 21.00, 'gemini', 'activa', '2025-09-24 19:14:58', '2025-09-24 19:15:14'),
(58, 'mitage15@outlook.es', '32465sdg4sdgGG', '3246tsdfSSFGGG', 'GFX2RG3DFKKNEMFVXR96328846WB5A', '2025-09-26', '2025-10-26', NULL, 0, NULL, 63.63, 'gpt', 'activa', '2025-09-26 17:53:48', '2025-09-26 17:54:05'),
(59, 'mirage14@outlook.es', '4576dfgthj3hgbdD', '2837645fsxdFFF', 'R9EHWN5MUMVTA5Q4E5C255MTMBPYR9', '2025-09-29', '2025-10-29', NULL, 0, NULL, 60.00, 'gpt', 'activa', '2025-09-29 13:35:33', '2025-09-29 13:36:00'),
(60, 'mitage16@outlook.es', '893274nbsdgaFFF', '3246tsdfSSFGG1', NULL, '2025-10-01', '2025-10-31', NULL, 0, NULL, 60.00, NULL, 'activa', '2025-10-01 16:22:43', '2025-10-01 16:22:43'),
(61, 'mitage17@outlook.es', '12q3874fbazsdFF', 'af3687bfSFFFSFS', 'RB5Q4ZS5S8WX5Q4FZB354EXYEMKS4G', '2025-10-06', '2025-11-05', NULL, 0, NULL, 50.00, 'gpt', 'activa', '2025-10-06 10:40:32', '2025-10-06 10:40:45'),
(62, 'mitage18@outlook.es', 'a8s7te34bnbGFGDS', 'asd789t4bnSGFG', 'HTU2EZ2CY8BDGDCBGUXV8XW3YF5QPX', '2025-10-08', '2025-11-07', NULL, 0, NULL, 40.00, 'gpt', 'activa', '2025-10-08 15:50:15', '2025-10-08 15:50:46'),
(63, 'mitage19@outlook.es', '346sdfhsdfgGG', 'q345y7asdfhGGGG', 'PN5E9742TPGWX2FUMX92SUT9F79QUZ', '2025-10-13', '2025-11-12', NULL, 0, NULL, 65.00, 'gpt', 'activa', '2025-10-13 19:54:22', '2025-10-13 19:54:35'),
(64, 'mitage20@outlook.es', 'f2847fbsdSDgkfb', 'f82673fbFFdss', 'V6DT2HDA5K5T3N78NZYAZAY5N7TU5Z', '2025-10-15', '2025-11-14', NULL, 0, NULL, 65.00, 'gpt', 'activa', '2025-10-15 18:58:42', '2025-10-18 10:20:13'),
(65, 'mitage21@outlook.es', 'ddefrtegtlktrphkjA', 'ajdjijskukldaA', 'ES5325R56AR6UWA4KGS82X59HDFTZP', '2025-10-23', '2025-11-22', NULL, 0, NULL, 65.00, 'gpt', 'activa', '2025-10-23 20:05:59', '2025-10-23 20:06:11'),
(66, 'nn3808970@gmail.com', 'Lakku123@', 'Lakku123@', '', '2025-10-28', '2025-11-27', NULL, 0, NULL, 26.00, 'gemini', 'activa', '2025-10-28 10:20:32', '2025-10-28 10:20:47'),
(67, 'mitage22@outlook.es', 'fgnrejfgrekifjhneriWW', 'fkljhvfkRffv', '3N3VG8UCTV8WABSSG5TTDS7H6SUP9P', '2025-10-28', '2025-11-27', NULL, 0, NULL, 65.00, 'gpt', 'activa', '2025-10-28 10:45:10', '2025-10-28 10:45:19'),
(68, 'mitage23@outlook.es', 'asd8f63bfSFF', 'q3t78bFSfaf11', 'YX4H3PKS7WUC4W2PTMBHVZ27PGUPK6', '2025-11-02', '2025-12-02', NULL, 0, NULL, 58.83, 'gpt', 'activa', '2025-11-01 23:14:07', '2025-11-01 23:14:25'),
(69, 'mitage24@outlook.es', 'as87f34bfSFfas', 'afu376vFSFSFW', 'VX469RCDBHXKGUECZNQT3S4FS3TRMP', '2025-11-06', '2025-12-06', NULL, 0, NULL, 55.00, 'gpt', 'activa', '2025-11-06 19:37:06', '2025-11-06 19:37:17'),
(70, 'mitage25@outlook.es', 'a9783f4bfbfffFf', 'as87f34FVsa22', '7YD739YTAYQKPZ5RCY5495SSZEPVNU', '2025-11-09', '2025-12-09', NULL, 0, NULL, 55.00, 'gpt', 'activa', '2025-11-09 17:01:48', '2025-11-09 17:02:06'),
(71, 'mitage26@outlook.es', 'asdf634bfSFf', 'asg4gdsGGs2222', '', '2025-11-16', '2025-12-16', NULL, 0, NULL, 50.00, 'gpt', 'activa', '2025-11-16 15:22:12', '2025-11-16 15:22:21'),
(72, 'mitage27@outlook.es', 'asf7863bfgSS', 'asf8743bfgsSA', '', '2025-11-20', '2025-12-20', NULL, 0, NULL, 30.00, 'gpt', 'activa', '2025-11-20 18:51:23', '2025-11-20 18:51:34'),
(73, 'autumngalbraith142@gmail.com', 'O3MZ3SuK', 'O3MZ3SuK', '', '2025-11-21', '2025-12-21', NULL, 0, NULL, 15.00, 'gemini', 'activa', '2025-11-21 10:23:05', '2025-11-21 10:23:17');

-- --------------------------------------------------------

--
-- Estructura de tabla para la tabla `vendedores`
--

CREATE TABLE `vendedores` (
  `id` int NOT NULL,
  `usuario` varchar(255) COLLATE utf8mb4_general_ci NOT NULL,
  `contrasena` varchar(255) COLLATE utf8mb4_general_ci NOT NULL,
  `activo` tinyint(1) DEFAULT '1',
  `created_at` timestamp NOT NULL DEFAULT CURRENT_TIMESTAMP,
  `updated_at` timestamp NOT NULL DEFAULT CURRENT_TIMESTAMP ON UPDATE CURRENT_TIMESTAMP
) ENGINE=InnoDB DEFAULT CHARSET=utf8mb4 COLLATE=utf8mb4_general_ci;

--
-- Volcado de datos para la tabla `vendedores`
--

INSERT INTO `vendedores` (`id`, `usuario`, `contrasena`, `activo`, `created_at`, `updated_at`) VALUES
(1, 'admin', '$2y$10$u7y5rL6f9O8QzT8wRz1Q9eQZpQ4sO1kW8cQ2tU7wG5yK3wA1xYzQ9e', 1, '2025-05-07 16:40:23', '2025-05-07 16:40:23'),
(2, 'juan', '$2y$10$QW8hJ4kL9u7eT8rF6gH5sO2lP3qW1vN2bC4xZ8aS6dF7jH3kL5nM1b', 1, '2025-05-07 16:40:23', '2025-05-07 16:40:23'),
(3, 'maria', '$2y$10$Z1xY2wV3uT4rS5qP6oN7mL8kJ9hG0fE1dC2bA3zX4yW5vU6tR7sQ8p', 1, '2025-05-07 16:40:23', '2025-05-07 16:40:23'),
(4, 'jimi', '$2y$10$w8npR/p6MQFy2C7yk6Is7.W8lxuGxSGycSfOTLQ8ntTVu8yLZxY4W', 1, '2025-05-08 13:13:37', '2025-05-08 13:16:32'),
(5, '', '$2y$10$SY0prLj9Finr6i69MfThDOexZq20hJH/wJj7Ai14m77z2ZrjtQGz.', 1, '2025-05-08 13:43:29', '2025-05-08 13:43:29'),
(6, 'joe', '$2y$10$UlB.2TDdDBfWh7EqMwXlP.HnZ3Qfo1dNhM4UozZk42OKlIHjAZs12', 1, '2025-05-08 13:47:13', '2025-05-08 13:47:13'),
(7, 'joe1', '$2y$10$Re484p97YIx5Iq0eXrlY1.q4By.yt3AVGmuKHaBv8rQ2hjDQXcNVm', 1, '2025-06-27 03:28:20', '2025-07-03 19:58:58');

-- --------------------------------------------------------

--
-- Estructura de tabla para la tabla `ventas`
--

CREATE TABLE `ventas` (
  `id` int NOT NULL,
  `numero_celular` varchar(20) COLLATE utf8mb4_general_ci NOT NULL,
  `vendedor_id` int NOT NULL,
  `fecha_inicio` date NOT NULL,
  `fecha_fin` date NOT NULL,
  `pago` decimal(10,2) NOT NULL,
  `cuenta_id` int NOT NULL,
  `dias` int GENERATED ALWAYS AS ((to_days(`fecha_fin`) - to_days(`fecha_inicio`))) STORED,
  `created_at` timestamp NOT NULL DEFAULT CURRENT_TIMESTAMP,
  `updated_at` timestamp NOT NULL DEFAULT CURRENT_TIMESTAMP ON UPDATE CURRENT_TIMESTAMP
) ENGINE=InnoDB DEFAULT CHARSET=utf8mb4 COLLATE=utf8mb4_general_ci;

--
-- Volcado de datos para la tabla `ventas`
--

INSERT INTO `ventas` (`id`, `numero_celular`, `vendedor_id`, `fecha_inicio`, `fecha_fin`, `pago`, `cuenta_id`, `created_at`, `updated_at`) VALUES
(533, '70390740', 7, '2025-07-01', '2025-09-29', 75.00, 36, '2025-07-20 10:32:36', '2025-07-20 10:32:36'),
(534, '78247952', 7, '2025-07-20', '2025-08-19', 26.00, 36, '2025-07-20 13:08:23', '2025-07-20 13:08:23'),
(541, '79965647', 7, '2025-07-22', '2025-10-20', 75.00, 36, '2025-07-22 18:47:05', '2025-07-22 18:47:05'),
(543, '75408368', 7, '2025-07-22', '2025-08-21', 26.00, 36, '2025-07-22 18:52:06', '2025-07-22 18:52:06'),
(557, '79382493', 7, '2025-06-13', '2025-09-11', 50.00, 37, '2025-07-24 02:45:37', '2025-07-24 02:45:37'),
(559, '79751999', 7, '2025-07-23', '2025-08-22', 26.00, 37, '2025-07-24 02:52:31', '2025-07-24 02:52:31'),
(564, '62464711', 7, '2025-07-24', '2025-08-23', 26.00, 37, '2025-07-24 15:55:51', '2025-07-24 15:55:51'),
(567, '77993385', 7, '2025-07-25', '2025-08-24', 26.00, 37, '2025-07-25 21:50:50', '2025-07-25 21:50:50'),
(569, '61131378', 7, '2025-07-25', '2025-08-24', 26.00, 37, '2025-07-26 00:38:04', '2025-07-26 00:38:04'),
(571, '78839890', 7, '2025-07-26', '2025-08-25', 26.00, 37, '2025-07-26 23:43:09', '2025-07-26 23:43:09'),
(578, '71541262', 7, '2025-07-27', '2025-08-26', 26.00, 38, '2025-07-28 00:37:03', '2025-07-28 00:37:03'),
(579, '72929569', 7, '2025-07-28', '2025-08-27', 26.00, 38, '2025-07-28 12:05:02', '2025-07-28 12:05:02'),
(581, '78888885', 7, '2025-07-28', '2025-09-05', 26.00, 38, '2025-07-28 16:24:40', '2025-07-29 17:22:46'),
(583, '78926181', 7, '2025-07-28', '2025-08-27', 26.00, 38, '2025-07-28 19:30:26', '2025-07-28 19:30:26'),
(586, '67674369', 7, '2025-07-29', '2025-08-28', 26.00, 38, '2025-07-29 18:41:31', '2025-07-29 18:41:31'),
(587, '72072077', 7, '2025-07-29', '2025-10-27', 75.00, 38, '2025-07-29 20:54:40', '2025-07-29 20:54:40'),
(590, '77424163', 7, '2025-07-29', '2025-10-27', 75.00, 38, '2025-07-30 00:59:43', '2025-07-30 00:59:43'),
(593, '75673506', 7, '2025-07-29', '2025-08-28', 26.00, 38, '2025-07-30 02:10:24', '2025-07-30 02:10:24'),
(594, '60854631', 7, '2025-07-30', '2025-08-29', 26.00, 38, '2025-07-30 14:01:30', '2025-07-30 14:01:30'),
(595, '68075252', 7, '2025-07-30', '2025-08-29', 26.00, 38, '2025-07-30 19:05:06', '2025-07-30 19:05:06'),
(596, '60776442', 7, '2025-07-30', '2025-08-29', 26.00, 38, '2025-07-30 19:05:28', '2025-07-30 19:05:28'),
(598, '75660249', 7, '2025-07-30', '2025-10-28', 26.00, 40, '2025-07-30 20:20:41', '2025-07-30 20:20:41'),
(604, '70779058', 7, '2025-08-01', '2025-08-31', 26.00, 40, '2025-08-01 20:46:24', '2025-08-01 20:46:24'),
(605, '75118556', 7, '2025-08-02', '2025-09-01', 26.00, 40, '2025-08-02 16:25:52', '2025-08-02 16:25:52'),
(607, '70341464', 7, '2025-08-03', '2025-09-02', 26.00, 40, '2025-08-04 03:42:21', '2025-08-04 03:42:21'),
(609, '62742536', 7, '2025-08-04', '2025-09-03', 26.00, 40, '2025-08-04 21:09:12', '2025-08-04 21:09:12'),
(610, '60711717', 7, '2025-08-04', '2025-11-02', 75.00, 40, '2025-08-04 21:19:18', '2025-08-04 21:19:18'),
(614, '69612334', 7, '2025-06-10', '2025-09-08', 75.00, 40, '2025-08-07 12:50:57', '2025-08-07 12:50:57'),
(621, '60705259', 7, '2025-08-07', '2025-09-06', 26.00, 41, '2025-08-08 01:29:18', '2025-08-08 01:29:18'),
(624, '72266667', 7, '2025-08-08', '2025-09-07', 26.00, 41, '2025-08-08 12:52:04', '2025-08-08 12:52:04'),
(627, '79774935', 7, '2025-08-08', '2025-09-07', 26.00, 41, '2025-08-08 14:58:24', '2025-08-08 14:58:24'),
(633, '77042035', 7, '2025-08-08', '2025-11-06', 75.00, 41, '2025-08-08 22:35:39', '2025-08-08 22:35:39'),
(636, '77417930', 7, '2025-08-09', '2025-11-07', 75.00, 41, '2025-08-09 15:22:14', '2025-08-09 15:22:14'),
(638, '67359172', 7, '2025-08-09', '2025-09-08', 26.00, 41, '2025-08-09 16:49:47', '2025-08-09 16:49:47'),
(640, '72840507', 7, '2025-08-09', '2025-11-07', 75.00, 41, '2025-08-09 17:42:55', '2025-08-09 17:42:55'),
(643, '65328645', 7, '2025-08-09', '2025-09-08', 26.00, 41, '2025-08-10 01:26:51', '2025-08-10 01:26:51'),
(647, '71074091', 7, '2025-08-10', '2025-09-09', 26.00, 42, '2025-08-11 03:02:08', '2025-08-11 03:02:08'),
(650, '71452354', 7, '2025-08-11', '2025-09-10', 26.00, 42, '2025-08-11 16:48:40', '2025-08-11 16:48:40'),
(654, '77191932', 7, '2025-08-11', '2025-09-10', 26.00, 42, '2025-08-11 21:31:27', '2025-08-11 21:31:27'),
(657, '72137522', 7, '2025-08-12', '2025-11-10', 75.00, 42, '2025-08-12 12:57:07', '2025-08-12 12:57:07'),
(661, '77929483', 7, '2025-08-12', '2025-09-11', 26.00, 42, '2025-08-12 17:32:51', '2025-08-12 17:32:51'),
(663, '71756018', 7, '2025-08-13', '2025-09-12', 26.00, 43, '2025-08-13 20:15:49', '2025-08-13 20:15:49'),
(665, '67560909', 7, '2025-07-08', '2025-10-06', 50.00, 43, '2025-08-13 20:18:17', '2025-08-13 20:18:17'),
(667, '78423325', 7, '2025-08-14', '2025-09-13', 26.00, 43, '2025-08-14 14:07:05', '2025-08-14 14:07:05'),
(669, '69574989', 7, '2025-08-14', '2025-09-13', 26.00, 43, '2025-08-14 14:10:10', '2025-08-14 14:10:10'),
(671, '71496004', 7, '2025-07-02', '2025-09-30', 50.00, 43, '2025-08-14 14:19:58', '2025-08-14 14:19:58'),
(672, '63991616', 7, '2025-08-14', '2025-09-13', 26.00, 43, '2025-08-14 15:18:39', '2025-08-14 15:18:39'),
(674, '65706636', 7, '2025-08-14', '2025-09-13', 26.00, 43, '2025-08-15 00:49:06', '2025-08-15 00:49:06'),
(676, '79725189', 7, '2025-08-15', '2025-09-14', 26.00, 43, '2025-08-15 19:30:42', '2025-08-15 19:30:42'),
(677, '71453652', 7, '2025-07-07', '2025-10-05', 50.00, 44, '2025-08-17 20:45:44', '2025-08-17 20:45:44'),
(678, '72782809', 7, '2025-08-17', '2025-09-16', 26.00, 44, '2025-08-17 20:49:47', '2025-08-17 20:49:47'),
(679, '72103000', 7, '2025-08-17', '2025-09-16', 26.00, 44, '2025-08-17 21:11:44', '2025-08-17 21:11:44'),
(680, '67439213', 7, '2025-08-17', '2025-09-16', 26.00, 44, '2025-08-17 23:07:23', '2025-08-17 23:07:23'),
(681, '63354705', 7, '2025-08-17', '2025-09-16', 26.00, 44, '2025-08-17 23:07:41', '2025-08-17 23:07:41'),
(685, '77014402', 7, '2025-08-17', '2025-09-16', 26.00, 44, '2025-08-18 00:57:49', '2025-08-18 00:57:49'),
(688, '69683328', 7, '2025-08-18', '2025-09-17', 26.00, 44, '2025-08-18 14:30:04', '2025-08-18 14:30:04'),
(692, '70462934', 7, '2025-08-18', '2025-09-17', 26.00, 44, '2025-08-18 17:45:31', '2025-08-18 17:45:31'),
(693, '67340660', 7, '2025-08-18', '2025-09-17', 13.00, 43, '2025-08-18 23:45:46', '2025-08-18 23:45:46'),
(695, '67201269', 7, '2025-08-18', '2025-09-17', 26.00, 44, '2025-08-18 23:48:16', '2025-08-18 23:48:16'),
(696, '65315223', 7, '2025-08-18', '2025-09-17', 26.00, 43, '2025-08-19 01:52:20', '2025-08-19 01:52:20'),
(699, '72252365', 7, '2025-08-19', '2025-11-17', 75.00, 45, '2025-08-19 17:44:12', '2025-08-19 17:44:12'),
(700, '67357202', 7, '2025-08-19', '2025-09-18', 26.00, 45, '2025-08-19 18:03:46', '2025-08-19 18:03:46'),
(701, '73818097', 7, '2025-08-19', '2025-09-18', 26.00, 45, '2025-08-19 20:49:52', '2025-08-19 20:49:52'),
(703, '70242990', 7, '2025-08-19', '2025-09-18', 26.00, 45, '2025-08-19 20:54:49', '2025-08-19 20:54:49'),
(704, '69973916', 7, '2025-08-19', '2025-09-18', 26.00, 45, '2025-08-19 21:29:43', '2025-08-19 21:29:43'),
(705, '65750437', 7, '2025-08-19', '2025-09-18', 26.00, 45, '2025-08-19 23:26:40', '2025-08-19 23:26:40'),
(708, '69414193', 7, '2025-08-20', '2025-09-19', 26.00, 45, '2025-08-20 19:44:43', '2025-08-20 19:44:43'),
(709, '79759605', 7, '2025-08-20', '2025-09-19', 26.00, 45, '2025-08-20 19:46:07', '2025-08-20 19:46:07'),
(715, '71717999', 7, '2025-08-21', '2025-09-20', 26.00, 46, '2025-08-21 22:33:13', '2025-08-21 22:33:13'),
(718, '60752491', 7, '2025-08-22', '2025-09-21', 26.00, 46, '2025-08-22 15:37:15', '2025-08-22 15:37:15'),
(720, '67423649', 7, '2025-08-22', '2025-11-20', 75.00, 46, '2025-08-22 19:43:22', '2025-08-22 19:43:22'),
(725, '78122222', 7, '2025-08-24', '2026-05-01', 90.00, 32, '2025-08-24 12:26:30', '2025-08-24 12:37:25'),
(727, '72240889', 7, '2025-08-24', '2025-11-22', 35.00, 32, '2025-08-24 23:11:11', '2025-08-24 23:11:11'),
(728, '68661464', 7, '2025-08-24', '2025-11-22', 35.00, 32, '2025-08-24 23:38:17', '2025-08-24 23:38:17'),
(730, '73568955', 7, '2025-08-24', '2025-11-22', 35.00, 32, '2025-08-25 01:46:37', '2025-08-25 01:46:37'),
(731, '76661272', 7, '2025-08-24', '2025-09-23', 26.00, 46, '2025-08-25 02:10:59', '2025-08-25 02:10:59'),
(734, '71717999', 7, '2025-08-25', '2025-09-24', 26.00, 45, '2025-08-25 14:57:03', '2025-08-25 14:57:03'),
(735, '77963732', 7, '2025-08-25', '2025-09-24', 26.00, 46, '2025-08-25 15:33:13', '2025-08-25 15:33:13'),
(736, '69257779', 7, '2025-08-25', '2025-09-24', 26.00, 46, '2025-08-25 23:01:50', '2025-08-25 23:01:50'),
(737, '62554259', 7, '2025-08-25', '2025-09-24', 26.00, 46, '2025-08-25 23:22:45', '2025-08-25 23:22:45'),
(741, '72265106', 7, '2025-08-26', '2025-11-24', 35.00, 32, '2025-08-26 17:29:22', '2025-08-26 17:29:22'),
(742, '71496373', 7, '2025-08-26', '2025-09-25', 26.00, 46, '2025-08-26 18:53:35', '2025-08-26 18:53:35'),
(745, '72644633', 7, '2025-08-26', '2025-09-25', 26.00, 48, '2025-08-27 02:29:02', '2025-08-27 02:29:02'),
(746, '76935967', 7, '2025-08-27', '2025-09-26', 26.00, 48, '2025-08-27 13:20:41', '2025-08-27 13:20:41'),
(749, '73961495', 7, '2025-08-27', '2025-11-25', 75.00, 48, '2025-08-28 00:55:25', '2025-08-28 00:55:25'),
(750, '77922740', 7, '2025-08-27', '2025-09-26', 26.00, 48, '2025-08-28 00:55:48', '2025-08-28 00:55:48'),
(752, '74312168', 7, '2025-08-28', '2025-09-27', 26.00, 48, '2025-08-28 23:55:06', '2025-08-28 23:55:06'),
(753, '67603522', 7, '2025-08-29', '2025-09-28', 26.00, 48, '2025-08-29 12:56:42', '2025-08-29 12:56:42'),
(756, '74225727', 7, '2025-08-29', '2025-09-28', 26.00, 48, '2025-08-29 22:18:37', '2025-08-29 22:18:37'),
(757, '60459360', 7, '2025-08-30', '2025-09-29', 26.00, 48, '2025-08-30 14:07:39', '2025-08-30 14:07:39'),
(759, '69845509', 7, '2025-08-31', '2025-09-30', 26.00, 49, '2025-08-31 22:24:43', '2025-08-31 22:24:43'),
(761, '77908757', 7, '2025-08-31', '2025-09-30', 26.00, 49, '2025-08-31 22:30:09', '2025-08-31 22:30:09'),
(767, '65349966', 7, '2025-09-01', '2025-10-01', 26.00, 49, '2025-09-02 02:31:30', '2025-09-02 02:31:30'),
(768, '75575004', 7, '2025-09-01', '2025-10-01', 26.00, 49, '2025-09-02 02:36:44', '2025-09-02 02:36:44'),
(772, '73998977', 7, '2025-09-02', '2025-10-02', 26.00, 49, '2025-09-02 14:54:57', '2025-09-02 14:54:57'),
(773, '73733425', 7, '2025-09-02', '2025-11-01', 52.00, 49, '2025-09-02 15:21:07', '2025-09-02 15:21:07'),
(774, '75774536', 7, '2025-09-02', '2025-10-02', 26.00, 49, '2025-09-02 15:49:30', '2025-09-02 15:49:30'),
(776, '71452354', 7, '2025-09-02', '2025-10-02', 26.00, 49, '2025-09-02 20:00:02', '2025-09-02 20:00:02'),
(777, '78839890', 7, '2025-09-02', '2025-10-02', 26.00, 49, '2025-09-02 23:01:20', '2025-09-02 23:01:20'),
(778, '78756298', 7, '2025-09-03', '2025-12-02', 35.00, 39, '2025-09-03 13:57:19', '2025-09-03 13:57:19'),
(779, '74569800', 7, '2025-09-03', '2025-10-03', 26.00, 49, '2025-09-03 18:20:37', '2025-09-03 18:20:37'),
(780, '77523684', 7, '2025-09-03', '2025-10-03', 35.00, 49, '2025-09-03 18:28:13', '2025-09-03 18:28:13'),
(782, '74836359', 7, '2025-09-03', '2025-10-03', 26.00, 49, '2025-09-03 21:31:40', '2025-09-03 21:31:40'),
(783, '70430296', 7, '2025-09-03', '2025-10-03', 26.00, 50, '2025-09-04 01:36:11', '2025-09-04 01:36:11'),
(789, '63928490', 7, '2025-09-04', '2025-10-04', 26.00, 50, '2025-09-05 00:27:40', '2025-09-05 00:27:40'),
(791, '71950878', 7, '2025-09-04', '2025-10-04', 26.00, 50, '2025-09-05 00:32:28', '2025-09-05 00:32:28'),
(792, '65714529', 7, '2025-09-05', '2025-10-05', 26.00, 50, '2025-09-05 09:57:58', '2025-09-05 09:57:58'),
(793, '72871847', 7, '2025-09-05', '2025-10-05', 26.00, 50, '2025-09-05 16:48:00', '2025-09-05 16:48:00'),
(796, '75942419', 7, '2025-09-05', '2025-10-05', 26.00, 50, '2025-09-05 23:16:08', '2025-09-05 23:16:08'),
(798, '74225727', 7, '2025-09-06', '2025-12-05', 75.00, 50, '2025-09-06 13:30:47', '2025-09-06 13:30:47'),
(799, '67281818', 7, '2025-09-06', '2025-10-06', 26.00, 50, '2025-09-06 19:21:22', '2025-09-06 19:21:22'),
(800, '65253549', 7, '2025-09-06', '2025-10-06', 26.00, 50, '2025-09-06 19:25:24', '2025-09-06 19:25:24'),
(801, '78072519', 7, '2025-09-06', '2025-10-06', 26.00, 50, '2025-09-06 21:19:33', '2025-09-06 21:19:33'),
(805, '67424982', 7, '2025-09-09', '2025-10-09', 26.00, 50, '2025-09-09 14:12:11', '2025-09-09 14:12:11'),
(808, '68423736', 7, '2025-09-09', '2025-10-09', 26.00, 48, '2025-09-09 15:30:09', '2025-09-09 15:30:09'),
(810, '70399226', 7, '2025-07-23', '2025-10-21', 1.00, 51, '2025-09-09 22:01:05', '2025-09-09 22:14:56'),
(811, '72791295', 7, '2025-09-09', '2025-10-09', 26.00, 51, '2025-09-09 22:02:59', '2025-09-09 22:02:59'),
(813, '75988349', 7, '2025-09-09', '2025-10-09', 26.00, 51, '2025-09-09 22:11:59', '2025-09-09 22:11:59'),
(814, '73761235', 7, '2025-09-09', '2025-10-09', 26.00, 51, '2025-09-09 22:14:16', '2025-09-09 22:14:16'),
(816, '76433037', 7, '2025-09-09', '2025-12-08', 35.00, 32, '2025-09-09 22:31:41', '2025-09-09 22:31:41'),
(818, '78874441', 7, '2025-09-09', '2025-10-09', 26.00, 51, '2025-09-10 01:57:53', '2025-09-10 01:57:53'),
(823, '76299996', 7, '2025-09-11', '2025-10-11', 26.00, 51, '2025-09-11 14:57:17', '2025-09-11 14:57:17'),
(826, '78680246', 7, '2025-09-11', '2025-10-11', 26.00, 51, '2025-09-11 15:45:41', '2025-09-11 15:45:41'),
(827, '77234756', 7, '2025-09-11', '2025-10-11', 26.00, 51, '2025-09-12 00:35:13', '2025-09-12 00:35:13'),
(831, '78821025', 7, '2025-07-01', '2025-09-29', 0.10, 52, '2025-09-15 01:25:02', '2025-09-15 01:25:02'),
(832, '72840502', 7, '2025-08-09', '2025-11-07', 0.10, 52, '2025-09-15 01:42:49', '2025-09-15 01:42:49'),
(833, '75479287', 7, '2025-09-14', '2025-10-14', 26.00, 52, '2025-09-15 01:45:53', '2025-09-15 01:45:53'),
(836, '78819569', 7, '2025-09-14', '2025-10-14', 24.00, 52, '2025-09-15 02:14:06', '2025-09-15 02:14:06'),
(837, '77083315', 7, '2025-09-15', '2025-12-14', 75.00, 52, '2025-09-15 16:26:50', '2025-09-15 16:26:50'),
(841, '65328645', 7, '2025-09-15', '2025-10-15', 26.00, 52, '2025-09-15 21:54:02', '2025-09-15 21:54:02'),
(843, '78335459', 7, '2025-09-16', '2025-10-16', 26.00, 52, '2025-09-16 12:35:30', '2025-09-16 12:35:30'),
(848, '75121994', 7, '2025-09-16', '2025-10-16', 21.00, 53, '2025-09-16 20:11:54', '2025-09-16 20:11:54'),
(850, '70590007', 7, '2025-09-16', '2025-10-16', 21.00, 53, '2025-09-17 01:03:45', '2025-09-17 01:03:45'),
(851, '79723295', 7, '2025-09-16', '2025-10-16', 21.00, 53, '2025-09-17 01:51:26', '2025-09-17 01:51:26'),
(853, '67422812', 7, '2025-09-17', '2025-10-17', 21.00, 53, '2025-09-17 12:14:22', '2025-09-17 12:14:22'),
(854, '76902227', 7, '2025-09-17', '2025-10-17', 26.00, 53, '2025-09-17 13:42:18', '2025-09-17 13:42:18'),
(856, '74640669', 7, '2025-09-17', '2025-10-17', 21.00, 53, '2025-09-17 14:11:31', '2025-09-17 14:11:31'),
(857, '62715963', 7, '2025-09-17', '2025-12-16', 75.00, 53, '2025-09-17 20:17:41', '2025-09-17 20:17:41'),
(858, '68483431', 7, '2025-09-17', '2025-10-17', 26.00, 53, '2025-09-18 01:45:36', '2025-09-18 01:45:36'),
(862, '71721279', 7, '2025-09-19', '2025-10-19', 21.00, 54, '2025-09-19 15:17:28', '2025-09-19 15:17:28'),
(864, '76490074', 7, '2025-09-19', '2025-10-19', 21.00, 54, '2025-09-19 17:45:31', '2025-09-19 17:45:31'),
(865, '73878025', 7, '2025-09-19', '2025-10-19', 21.00, 54, '2025-09-19 19:12:05', '2025-09-19 19:12:05'),
(867, '60109700', 7, '2025-09-09', '2025-10-09', 26.00, 54, '2025-09-20 12:58:00', '2025-09-20 12:58:00'),
(871, '60777421', 7, '2025-08-08', '2025-11-06', 1.00, 54, '2025-09-20 13:07:40', '2025-09-20 13:07:40'),
(880, '69488331', 7, '2025-09-09', '2025-10-09', 21.00, 54, '2025-09-21 18:42:12', '2025-09-21 18:42:12'),
(893, '72752677', 7, '2025-09-15', '2025-10-15', 26.00, 55, '2025-09-22 14:12:06', '2025-09-22 14:12:06'),
(894, '74478888', 7, '2025-09-15', '2025-10-15', 26.00, 55, '2025-09-22 14:12:52', '2025-09-22 14:12:52'),
(898, '77595173', 7, '2025-09-22', '2025-10-22', 21.00, 55, '2025-09-22 15:44:48', '2025-09-22 15:44:48'),
(899, '74802644', 7, '2025-09-22', '2025-10-22', 26.00, 53, '2025-09-22 18:17:42', '2025-09-22 18:17:42'),
(900, '78485039', 7, '2025-09-22', '2025-10-22', 26.00, 53, '2025-09-22 18:18:37', '2025-09-22 18:18:37'),
(901, '67869797', 7, '2025-08-17', '2025-11-15', 0.10, 53, '2025-09-22 21:00:45', '2025-09-22 21:00:45'),
(902, '73651740', 7, '2025-09-24', '2025-10-24', 21.00, 52, '2025-09-24 13:45:05', '2025-09-24 13:45:05'),
(903, '71533205', 7, '2025-09-24', '2025-10-24', 21.00, 52, '2025-09-24 17:52:36', '2025-09-24 17:52:36'),
(905, '69723824', 7, '2025-09-24', '2025-10-24', 26.00, 51, '2025-09-24 19:10:01', '2025-09-24 19:10:01'),
(906, '70525465', 7, '2025-09-24', '2025-10-24', 28.00, 57, '2025-09-24 19:23:49', '2025-09-24 19:23:49'),
(907, '69442056', 7, '2025-09-24', '2025-10-24', 26.00, 53, '2025-09-25 02:54:11', '2025-09-25 02:54:11'),
(909, '76784959', 7, '2025-09-24', '2025-10-24', 21.00, 52, '2025-09-25 03:05:58', '2025-09-25 03:05:58'),
(911, '63887749', 7, '2025-09-25', '2025-10-25', 26.00, 52, '2025-09-25 14:16:34', '2025-09-25 14:16:34'),
(914, '70805966', 7, '2025-09-26', '2025-10-26', 21.00, 51, '2025-09-26 13:24:10', '2025-09-26 13:24:10'),
(915, '68441435', 7, '2025-09-26', '2025-10-26', 21.00, 52, '2025-09-26 13:43:58', '2025-09-26 13:43:58'),
(917, '77912180', 7, '2025-09-26', '2025-12-25', 60.00, 58, '2025-09-26 17:54:56', '2025-09-26 17:54:56'),
(918, '75407670', 7, '2025-09-26', '2025-10-26', 21.00, 58, '2025-09-26 17:56:18', '2025-09-26 17:56:18'),
(919, '72731520', 7, '2025-07-09', '2025-10-07', 0.10, 58, '2025-09-26 17:56:52', '2025-09-26 17:56:52'),
(920, '77185373', 7, '2025-09-26', '2025-10-26', 21.00, 58, '2025-09-26 18:12:35', '2025-09-26 18:12:35'),
(922, '73077242', 7, '2025-09-01', '2025-11-30', 35.00, 39, '2025-09-26 18:24:38', '2025-09-26 18:24:38'),
(927, '74839333', 7, '2025-07-28', '2025-12-25', 0.10, 58, '2025-09-26 19:15:30', '2025-09-26 19:15:44'),
(929, '78356995', 7, '2025-09-28', '2025-10-28', 21.00, 58, '2025-09-28 13:39:17', '2025-09-28 13:39:17'),
(930, '73767500', 7, '2025-08-17', '2025-11-15', 0.10, 58, '2025-09-28 16:17:46', '2025-09-28 16:17:46'),
(933, '77908273', 7, '2025-10-28', '2025-11-27', 13.00, 39, '2025-09-28 20:38:08', '2025-10-27 14:58:39'),
(935, '60752491', 7, '2025-09-28', '2025-10-28', 26.00, 58, '2025-09-29 00:34:07', '2025-09-29 00:34:07'),
(936, '76653439', 7, '2025-09-29', '2025-10-29', 26.00, 58, '2025-09-29 10:12:32', '2025-09-29 10:12:32'),
(937, '76193090', 7, '2025-08-25', '2025-11-23', 0.10, 58, '2025-09-29 10:14:28', '2025-09-29 10:14:28'),
(939, '62727098', 7, '2025-09-29', '2025-10-29', 26.00, 58, '2025-09-29 13:49:42', '2025-09-29 13:49:42'),
(942, '65511272', 7, '2025-09-29', '2025-10-29', 21.00, 59, '2025-09-29 20:25:26', '2025-09-29 20:25:26'),
(943, '77482777', 7, '2025-09-29', '2025-10-29', 21.00, 59, '2025-09-29 21:05:55', '2025-09-29 21:05:55'),
(946, '60719306', 7, '2025-09-30', '2025-10-30', 21.00, 59, '2025-09-30 12:37:25', '2025-09-30 12:37:25'),
(947, '71668468', 7, '2025-09-30', '2025-10-30', 21.00, 59, '2025-09-30 12:38:07', '2025-09-30 12:38:07'),
(948, '71541718', 7, '2025-09-30', '2025-10-30', 21.00, 59, '2025-09-30 12:45:27', '2025-09-30 12:45:27'),
(951, '76413936', 7, '2025-09-30', '2025-10-30', 26.00, 59, '2025-09-30 14:41:50', '2025-09-30 14:41:50'),
(952, '77025513', 7, '2025-09-30', '2025-10-30', 21.00, 59, '2025-09-30 14:46:06', '2025-09-30 14:46:06'),
(953, '65700298', 7, '2025-09-30', '2025-10-30', 15.00, 56, '2025-09-30 20:06:26', '2025-09-30 20:06:26'),
(954, '70663647', 7, '2025-09-30', '2025-10-30', 26.00, 59, '2025-09-30 20:38:45', '2025-09-30 20:38:45'),
(955, '61625047', 7, '2025-09-30', '2025-10-30', 21.00, 59, '2025-09-30 20:42:35', '2025-09-30 20:42:35'),
(957, '76453167', 7, '2025-10-01', '2025-10-31', 21.00, 60, '2025-10-01 16:23:02', '2025-10-01 16:23:02'),
(959, '74376758', 7, '2025-08-24', '2025-11-22', 0.10, 60, '2025-10-01 19:39:49', '2025-10-01 19:39:49'),
(960, '63950939', 7, '2025-10-01', '2025-10-31', 21.00, 60, '2025-10-01 19:43:12', '2025-10-01 19:43:12'),
(961, '77158143', 7, '2025-10-01', '2025-10-31', 21.00, 60, '2025-10-01 22:27:24', '2025-10-01 22:27:24'),
(962, '76145198', 7, '2025-10-02', '2025-11-01', 21.00, 60, '2025-10-02 13:15:14', '2025-10-02 13:15:14'),
(963, '69412351', 7, '2025-10-02', '2025-11-01', 21.00, 60, '2025-10-02 13:44:54', '2025-10-02 13:44:54'),
(964, '72892087', 7, '2025-10-02', '2025-11-01', 21.00, 60, '2025-10-02 13:54:22', '2025-10-02 13:54:22'),
(965, '72892087', 7, '2025-10-02', '2025-11-01', 15.00, 56, '2025-10-02 13:54:43', '2025-10-02 13:54:43'),
(966, '77127627', 7, '2025-10-02', '2025-11-01', 26.00, 60, '2025-10-02 19:38:09', '2025-10-02 19:38:09'),
(967, '68160402', 7, '2025-10-02', '2025-11-01', 21.00, 60, '2025-10-02 20:11:26', '2025-10-02 20:11:26'),
(968, '67614473', 7, '2025-10-02', '2025-11-01', 21.00, 60, '2025-10-02 22:23:56', '2025-10-02 22:23:56'),
(970, '62704490', 7, '2025-10-03', '2025-11-02', 26.00, 60, '2025-10-03 12:47:49', '2025-10-03 12:47:49'),
(971, '73964580', 7, '2025-10-03', '2025-11-02', 21.00, 60, '2025-10-03 12:58:21', '2025-10-03 12:58:21'),
(973, '75918601', 7, '2025-10-03', '2025-11-02', 21.00, 60, '2025-10-03 14:32:09', '2025-10-03 14:32:09'),
(974, '78309536', 7, '2025-10-03', '2025-11-02', 21.00, 60, '2025-10-03 14:41:27', '2025-10-03 14:41:27'),
(975, '72837248', 7, '2025-10-03', '2025-11-02', 21.00, 60, '2025-10-03 17:16:51', '2025-10-03 17:16:51'),
(978, '72687717', 7, '2025-10-06', '2025-11-05', 21.00, 61, '2025-10-06 14:18:30', '2025-10-06 14:18:30'),
(980, '78356995', 7, '2025-10-06', '2025-11-05', 21.00, 61, '2025-10-06 14:41:51', '2025-10-06 14:41:51'),
(982, '68371984', 7, '2025-10-06', '2025-11-05', 21.00, 61, '2025-10-06 22:37:17', '2025-10-06 22:37:17'),
(983, '63234455', 7, '2025-10-06', '2025-11-05', 21.00, 61, '2025-10-07 01:31:15', '2025-10-07 01:31:15'),
(984, '75832588', 7, '2025-10-06', '2026-01-04', 35.00, 39, '2025-10-07 02:00:16', '2025-10-07 02:00:16'),
(985, '71490480', 7, '2025-10-07', '2025-11-06', 21.00, 61, '2025-10-07 13:20:15', '2025-10-07 13:20:15'),
(986, '70436632', 7, '2025-10-07', '2025-11-06', 21.00, 61, '2025-10-07 13:50:16', '2025-10-07 13:50:16'),
(987, '70436632', 7, '2025-10-07', '2025-11-06', 21.00, 58, '2025-10-07 13:51:03', '2025-10-07 13:51:03'),
(989, '62177205', 7, '2025-10-07', '2025-12-06', 50.00, 61, '2025-10-07 17:22:15', '2025-10-07 17:22:15'),
(990, '62177205', 7, '2025-10-07', '2025-12-06', 20.00, 39, '2025-10-07 17:23:06', '2025-10-07 17:23:06'),
(991, '63906649', 7, '2025-10-08', '2025-11-07', 21.00, 61, '2025-10-08 14:53:02', '2025-10-08 14:53:02'),
(992, '70805966', 7, '2025-10-08', '2025-11-07', 15.00, 56, '2025-10-08 15:24:05', '2025-10-08 15:24:05'),
(995, '63100861', 7, '2025-10-08', '2025-11-07', 26.00, 61, '2025-10-09 01:10:21', '2025-10-09 01:10:21'),
(998, '67603522', 7, '2025-10-09', '2025-11-08', 21.00, 61, '2025-10-09 22:23:20', '2025-10-09 22:23:20'),
(999, '62715963', 7, '2025-10-09', '2026-01-07', 60.00, 62, '2025-10-09 23:22:18', '2025-10-09 23:22:18'),
(1001, '69741204', 7, '2025-10-10', '2025-11-09', 26.00, 62, '2025-10-10 12:12:57', '2025-10-10 12:12:57'),
(1002, '69432615', 7, '2025-10-10', '2025-11-09', 21.00, 62, '2025-10-10 13:22:33', '2025-10-10 13:22:33'),
(1004, '67684644', 7, '2025-10-10', '2025-11-09', 26.00, 62, '2025-10-10 21:51:25', '2025-10-10 21:51:25'),
(1005, '77459739', 7, '2025-10-10', '2025-11-09', 21.00, 62, '2025-10-10 21:53:46', '2025-10-10 21:53:46'),
(1008, '72038768', 7, '2025-10-11', '2025-12-10', 52.00, 62, '2025-10-11 14:49:12', '2025-10-11 14:49:12'),
(1009, '72818359', 7, '2025-10-11', '2025-11-10', 26.00, 62, '2025-10-11 20:29:43', '2025-10-11 20:29:43'),
(1012, '62177205', 7, '2025-10-12', '2025-11-11', 21.00, 62, '2025-10-12 20:40:50', '2025-10-12 20:40:50'),
(1016, '72207672', 7, '2025-09-02', '2025-12-01', 0.10, 63, '2025-10-13 19:55:24', '2025-10-13 19:55:24'),
(1017, '68612334', 7, '2025-09-08', '2025-11-07', 0.10, 63, '2025-10-13 19:56:27', '2025-10-13 19:56:27'),
(1019, '71449582', 7, '2025-10-13', '2026-01-11', 60.00, 63, '2025-10-13 20:15:25', '2025-10-13 20:15:25'),
(1021, '78148923', 7, '2025-10-14', '2026-01-12', 60.00, 63, '2025-10-14 15:02:32', '2025-10-14 15:02:32'),
(1022, '77997800', 7, '2025-10-14', '2025-11-13', 26.00, 63, '2025-10-14 16:40:32', '2025-10-14 16:40:32'),
(1025, '69488331', 7, '2025-10-14', '2025-11-13', 26.00, 63, '2025-10-15 01:38:38', '2025-10-15 01:38:38'),
(1027, '76407569', 7, '2025-10-15', '2025-11-14', 21.00, 63, '2025-10-15 14:05:33', '2025-10-15 14:05:33'),
(1028, '76616052', 7, '2025-10-15', '2025-11-14', 21.00, 63, '2025-10-15 16:03:30', '2025-10-15 16:03:30'),
(1032, '71496373', 7, '2025-10-16', '2025-11-15', 21.00, 63, '2025-10-17 01:52:54', '2025-10-17 01:52:54'),
(1033, '75774536', 7, '2025-10-17', '2025-11-16', 21.00, 63, '2025-10-17 23:20:52', '2025-10-17 23:20:52'),
(1034, '76992490', 7, '2025-10-18', '2025-11-17', 0.10, 64, '2025-10-18 10:00:32', '2025-10-18 10:00:32'),
(1035, '79725189', 7, '2025-10-18', '2025-11-17', 23.00, 64, '2025-10-18 16:55:21', '2025-10-18 16:55:21'),
(1036, '64881603', 7, '2025-10-18', '2025-11-17', 21.00, 64, '2025-10-18 19:32:38', '2025-10-18 19:32:38'),
(1037, '74549386', 7, '2025-10-19', '2026-01-17', 75.00, 64, '2025-10-19 19:18:26', '2025-10-19 19:18:26'),
(1038, '74218123', 7, '2025-10-19', '2025-11-18', 26.00, 64, '2025-10-19 21:46:35', '2025-10-19 21:46:35'),
(1040, '65647199', 7, '2025-10-19', '2025-11-18', 26.00, 64, '2025-10-19 23:44:14', '2025-10-19 23:44:14'),
(1041, '72404846', 7, '2025-10-19', '2025-11-18', 26.00, 64, '2025-10-19 23:44:36', '2025-10-19 23:44:36'),
(1042, '71170393', 7, '2025-10-20', '2025-11-19', 26.00, 64, '2025-10-20 12:30:54', '2025-10-20 12:30:54'),
(1044, '78334442', 7, '2025-10-21', '2025-11-20', 21.00, 64, '2025-10-21 19:03:34', '2025-10-21 19:03:34'),
(1046, '72754841', 7, '2025-10-21', '2025-11-20', 21.00, 64, '2025-10-22 00:10:56', '2025-10-22 00:10:56'),
(1047, '77234756', 7, '2025-10-21', '2025-11-20', 26.00, 64, '2025-10-22 01:00:43', '2025-10-22 01:00:43'),
(1049, '63887172', 7, '2025-10-22', '2025-11-21', 26.00, 64, '2025-10-23 02:28:54', '2025-10-23 02:28:54'),
(1050, '79671852', 7, '2025-10-22', '2025-11-21', 26.00, 64, '2025-10-23 03:10:16', '2025-10-23 03:10:16'),
(1051, '72023841', 7, '2025-10-23', '2025-11-22', 26.00, 65, '2025-10-23 20:06:42', '2025-10-23 20:06:42'),
(1052, '62377639', 7, '2025-10-24', '2025-11-23', 26.00, 65, '2025-10-24 13:21:32', '2025-10-24 13:21:32'),
(1053, '64348782', 7, '2025-10-24', '2025-11-23', 26.00, 65, '2025-10-24 21:06:36', '2025-10-24 21:06:36'),
(1057, '69877427', 7, '2025-10-25', '2025-11-24', 21.00, 65, '2025-10-25 11:45:19', '2025-10-25 11:45:19'),
(1058, '60790425', 7, '2025-10-25', '2025-11-24', 26.00, 65, '2025-10-25 12:24:28', '2025-10-25 12:24:28'),
(1059, '70765291', 7, '2025-10-25', '2025-11-24', 26.00, 65, '2025-10-25 14:13:45', '2025-10-25 14:13:45'),
(1062, '72736126', 7, '2025-10-27', '2026-01-25', 75.00, 65, '2025-10-25 23:14:51', '2025-10-25 23:14:51'),
(1064, '72736126', 7, '2025-10-27', '2026-01-25', 35.00, 32, '2025-10-25 23:16:03', '2025-10-25 23:16:03'),
(1065, '68971300', 7, '2025-10-25', '2025-11-24', 21.00, 65, '2025-10-25 23:17:46', '2025-10-25 23:17:46'),
(1066, '75471749', 7, '2025-10-27', '2025-11-26', 21.00, 65, '2025-10-27 10:39:35', '2025-10-27 10:39:35'),
(1067, '74836359', 7, '2025-10-27', '2025-11-26', 26.00, 65, '2025-10-27 11:34:36', '2025-10-27 11:34:36'),
(1068, '78349311', 7, '2025-10-27', '2025-11-26', 26.00, 65, '2025-10-27 14:25:39', '2025-10-27 14:25:39'),
(1069, '79586799', 7, '2025-10-27', '2025-11-26', 36.00, 65, '2025-10-27 18:23:34', '2025-10-27 18:23:34'),
(1070, '78360001', 7, '2025-09-21', '2025-12-20', 0.10, 65, '2025-10-27 23:04:44', '2025-10-27 23:04:44'),
(1071, '78360001', 7, '2025-09-21', '2025-12-20', 0.10, 65, '2025-10-27 23:05:09', '2025-10-27 23:05:09'),
(1072, '63067864', 7, '2025-10-27', '2025-11-26', 26.00, 65, '2025-10-28 01:11:05', '2025-10-28 01:11:05'),
(1073, '63860672', 7, '2025-10-28', '2025-11-27', 50.00, 66, '2025-10-28 10:21:19', '2025-10-28 10:21:19'),
(1074, '65328272', 7, '2025-10-28', '2025-11-27', 21.00, 65, '2025-10-28 10:26:11', '2025-10-28 10:26:11'),
(1075, '71038599', 7, '2025-10-28', '2025-11-27', 26.00, 65, '2025-10-28 14:22:24', '2025-10-28 14:22:24'),
(1076, '71165889', 7, '2025-10-28', '2025-11-27', 21.00, 65, '2025-10-28 14:23:02', '2025-10-28 14:23:02'),
(1077, '73762018', 7, '2025-09-22', '2025-12-21', 60.00, 67, '2025-10-28 20:32:28', '2025-10-28 20:32:28'),
(1078, '63860672', 7, '2025-10-28', '2025-11-27', 50.00, 67, '2025-10-28 20:35:05', '2025-10-28 20:35:05'),
(1079, '67716220', 7, '2025-10-28', '2025-11-27', 26.00, 67, '2025-10-28 20:36:31', '2025-10-28 20:36:31'),
(1080, '67716220', 7, '2025-10-28', '2025-11-27', 15.00, 39, '2025-10-28 20:36:45', '2025-10-28 20:36:45'),
(1081, '60766256', 7, '2025-10-28', '2025-11-27', 21.00, 67, '2025-10-28 20:39:50', '2025-10-28 20:39:50'),
(1082, '74006407', 7, '2025-10-30', '2025-11-29', 26.00, 67, '2025-10-30 10:46:24', '2025-10-30 10:46:24'),
(1083, '77702491', 7, '2025-10-30', '2025-11-29', 25.00, 67, '2025-10-30 10:46:53', '2025-10-30 10:46:53'),
(1084, '75189827', 7, '2025-09-22', '2025-12-21', 75.00, 67, '2025-10-30 10:47:55', '2025-10-30 10:47:55'),
(1085, '77449266', 7, '2025-10-30', '2025-11-29', 30.00, 67, '2025-10-30 10:51:49', '2025-10-30 10:51:49'),
(1086, '76507405', 7, '2025-10-30', '2025-11-29', 26.00, 67, '2025-10-30 13:51:22', '2025-10-30 13:51:22'),
(1087, '65347817', 7, '2025-10-30', '2025-11-29', 26.00, 67, '2025-10-30 14:14:33', '2025-10-30 14:14:33'),
(1088, '72891849', 7, '2025-10-30', '2026-01-28', 35.00, 47, '2025-10-30 14:29:48', '2025-10-30 14:29:48'),
(1089, '64931130', 7, '2025-10-30', '2025-11-29', 21.00, 67, '2025-10-30 14:38:58', '2025-10-30 14:38:58'),
(1090, '62636695', 7, '2025-10-30', '2025-11-29', 21.00, 67, '2025-10-30 14:40:25', '2025-10-30 14:40:25'),
(1091, '67081296', 7, '2025-10-30', '2025-11-29', 10.00, 47, '2025-10-30 15:26:43', '2025-10-30 15:26:43'),
(1092, '63745759', 7, '2025-10-30', '2026-01-28', 35.00, 47, '2025-10-30 19:22:01', '2025-10-30 19:22:01'),
(1093, '63066900', 7, '2025-10-30', '2025-11-29', 26.00, 67, '2025-10-30 21:32:45', '2025-10-30 21:32:45'),
(1094, '69066632', 7, '2025-10-30', '2025-11-29', 26.00, 67, '2025-10-30 22:34:02', '2025-10-30 22:34:02'),
(1095, '78335459', 7, '2025-10-31', '2025-11-30', 26.00, 67, '2025-10-31 19:51:54', '2025-10-31 19:51:54'),
(1096, '70786316', 7, '2025-10-31', '2025-11-30', 26.00, 67, '2025-10-31 21:36:21', '2025-10-31 21:36:21'),
(1097, '75479287', 7, '2025-11-01', '2025-12-01', 26.00, 67, '2025-11-01 17:36:59', '2025-11-01 17:36:59'),
(1098, '67753528', 7, '2025-11-01', '2026-01-30', 35.00, 47, '2025-11-01 17:37:50', '2025-11-01 17:37:50'),
(1099, '69808670', 7, '2025-11-01', '2025-12-01', 26.00, 68, '2025-11-02 00:07:36', '2025-11-02 00:07:36'),
(1100, '75267780', 7, '2025-10-26', '2026-01-24', 0.10, 68, '2025-11-02 00:08:21', '2025-11-02 00:08:21'),
(1101, '70590007', 7, '2025-11-02', '2025-12-02', 21.00, 68, '2025-11-02 12:59:46', '2025-11-02 12:59:46'),
(1102, '72791295', 7, '2025-11-02', '2025-12-02', 26.00, 68, '2025-11-02 14:51:49', '2025-11-02 14:51:49'),
(1104, '76924775', 7, '2025-11-02', '2025-12-02', 13.00, 47, '2025-11-02 16:25:27', '2025-11-02 16:25:27'),
(1105, '70663647', 7, '2025-11-02', '2025-12-02', 26.00, 68, '2025-11-02 23:16:31', '2025-11-02 23:16:31'),
(1106, '78053630', 7, '2025-11-02', '2025-12-02', 26.00, 68, '2025-11-03 00:27:20', '2025-11-03 00:27:20'),
(1107, '63574605', 7, '2025-11-02', '2026-01-31', 35.00, 47, '2025-11-03 00:31:28', '2025-11-03 00:31:28'),
(1108, '77025513', 7, '2025-11-03', '2025-12-03', 21.00, 68, '2025-11-03 16:58:57', '2025-11-03 16:58:57'),
(1109, '77141202', 7, '2025-11-03', '2025-12-03', 26.00, 68, '2025-11-03 16:59:41', '2025-11-03 16:59:41'),
(1110, '68755488', 7, '2025-11-03', '2026-02-01', 60.00, 68, '2025-11-03 23:28:14', '2025-11-03 23:28:14'),
(1111, '65511272', 7, '2025-11-04', '2025-12-04', 21.00, 68, '2025-11-04 09:36:34', '2025-11-04 09:36:34'),
(1112, '65328645', 7, '2025-11-04', '2025-12-04', 26.00, 68, '2025-11-04 12:01:42', '2025-11-04 12:01:42'),
(1113, '63846004', 7, '2025-11-04', '2025-12-04', 40.00, 68, '2025-11-04 12:27:12', '2025-11-04 12:27:12'),
(1114, '75512807', 7, '2025-11-04', '2025-12-04', 21.00, 68, '2025-11-04 18:40:18', '2025-11-04 18:40:18'),
(1115, '71883555', 7, '2025-11-04', '2026-02-02', 35.00, 47, '2025-11-04 19:29:38', '2025-11-04 19:29:38'),
(1116, '78301330', 7, '2025-11-05', '2025-12-05', 21.00, 68, '2025-11-05 13:53:44', '2025-11-05 13:53:44'),
(1117, '72239336', 7, '2025-11-05', '2025-12-05', 26.00, 68, '2025-11-05 15:19:15', '2025-11-05 15:19:15'),
(1118, '75407670', 7, '2025-11-06', '2025-12-06', 21.00, 68, '2025-11-06 03:58:52', '2025-11-06 03:58:52'),
(1119, '70675677', 7, '2025-11-06', '2025-12-06', 26.00, 69, '2025-11-06 19:37:36', '2025-11-06 19:37:36'),
(1120, '68423736', 7, '2025-11-06', '2025-12-06', 26.00, 69, '2025-11-06 19:38:39', '2025-11-06 19:38:39'),
(1121, '74555219', 7, '2025-11-06', '2025-12-06', 26.00, 69, '2025-11-06 19:38:55', '2025-11-06 19:38:55'),
(1122, '75918601', 7, '2025-11-06', '2025-12-06', 21.00, 69, '2025-11-06 19:39:13', '2025-11-06 19:39:13'),
(1123, '67213747', 7, '2025-11-06', '2025-12-06', 21.00, 69, '2025-11-06 19:39:42', '2025-11-06 19:39:42'),
(1124, '67438094', 7, '2025-11-06', '2025-12-06', 21.00, 69, '2025-11-06 19:40:06', '2025-11-06 19:40:06'),
(1125, '76453167', 7, '2025-11-06', '2025-12-06', 21.00, 69, '2025-11-06 19:40:27', '2025-11-06 19:40:27'),
(1126, '77158143', 7, '2025-11-06', '2025-12-06', 21.00, 69, '2025-11-06 22:28:32', '2025-11-06 22:28:32'),
(1127, '62727098', 7, '2025-11-07', '2025-12-07', 26.00, 69, '2025-11-07 11:36:31', '2025-11-07 11:36:31'),
(1128, '68613291', 7, '2025-11-07', '2026-02-05', 60.00, 69, '2025-11-07 14:03:48', '2025-11-07 14:03:48'),
(1129, '72301708', 7, '2025-11-07', '2025-12-07', 26.00, 69, '2025-11-07 18:40:12', '2025-11-07 18:40:12'),
(1130, '71533205', 7, '2025-11-08', '2026-02-06', 60.00, 69, '2025-11-08 13:28:37', '2025-11-08 13:28:37'),
(1131, '75121538', 7, '2025-08-25', '2025-11-23', 0.10, 69, '2025-11-08 13:34:54', '2025-11-08 13:35:45'),
(1132, '60711717', 7, '2025-11-09', '2026-02-07', 75.00, 69, '2025-11-09 16:57:40', '2025-11-09 16:57:40'),
(1133, '77374660', 7, '2025-11-09', '2025-12-09', 26.00, 69, '2025-11-10 01:38:06', '2025-11-10 01:38:06'),
(1134, '74575084', 7, '2025-11-10', '2025-12-10', 26.00, 69, '2025-11-10 11:23:05', '2025-11-10 11:23:05'),
(1135, '73597700', 7, '2025-11-10', '2025-12-10', 21.00, 70, '2025-11-10 12:15:37', '2025-11-10 12:15:37'),
(1136, '67603522', 7, '2025-11-10', '2025-12-10', 26.00, 70, '2025-11-10 15:27:14', '2025-11-10 15:27:14'),
(1137, '69966154', 7, '2025-11-10', '2026-02-08', 35.00, 39, '2025-11-10 15:28:26', '2025-11-10 15:28:26'),
(1138, '67013312', 7, '2025-09-29', '2025-12-28', 0.10, 70, '2025-11-10 18:14:12', '2025-11-10 18:14:12'),
(1139, '64315998', 7, '2025-11-10', '2025-12-10', 26.00, 70, '2025-11-10 21:48:06', '2025-11-10 21:48:06'),
(1140, '70788043', 7, '2025-10-06', '2026-01-04', 0.10, 70, '2025-11-11 17:29:09', '2025-11-11 17:29:09'),
(1141, '77928228', 7, '2025-09-09', '2025-12-08', 0.10, 70, '2025-11-11 17:30:36', '2025-11-11 17:30:36'),
(1142, '74018766', 7, '2025-10-08', '2026-01-06', 0.10, 70, '2025-11-12 14:06:59', '2025-11-12 14:06:59'),
(1143, '68371984', 7, '2025-11-12', '2025-12-12', 21.00, 70, '2025-11-12 14:07:42', '2025-11-12 14:07:42'),
(1144, '62554259', 7, '2025-11-12', '2025-12-12', 21.00, 70, '2025-11-12 17:43:02', '2025-11-12 17:43:02'),
(1145, '71249540', 7, '2025-11-12', '2025-12-12', 21.00, 70, '2025-11-12 17:43:38', '2025-11-12 17:43:38'),
(1146, '78485039', 7, '2025-11-12', '2025-12-12', 26.00, 70, '2025-11-12 23:57:34', '2025-11-12 23:57:34'),
(1147, '72207672', 7, '2025-09-02', '2025-12-01', 0.10, 70, '2025-11-13 15:26:53', '2025-11-13 15:26:53'),
(1148, '77988443', 7, '2025-11-13', '2026-02-11', 60.00, 70, '2025-11-13 15:27:48', '2025-11-13 15:27:48'),
(1149, '68350069', 7, '2025-11-13', '2025-12-13', 33.00, 70, '2025-11-13 17:01:02', '2025-11-13 17:01:02'),
(1150, '71727171', 7, '2025-11-13', '2026-02-11', 60.00, 70, '2025-11-13 23:41:13', '2025-11-13 23:41:13'),
(1151, '74948972', 7, '2025-11-14', '2026-02-12', 35.00, 39, '2025-11-14 16:06:45', '2025-11-14 16:06:45'),
(1152, '74234339', 7, '2025-11-14', '2025-12-14', 21.00, 70, '2025-11-14 16:39:10', '2025-11-14 16:39:10'),
(1153, '65345356', 7, '2025-11-14', '2025-12-14', 21.00, 70, '2025-11-14 17:22:05', '2025-11-14 17:22:05'),
(1154, '72815787', 7, '2025-11-15', '2025-12-15', 26.00, 70, '2025-11-15 22:55:35', '2025-11-15 22:55:35'),
(1155, '68581184', 7, '2025-11-15', '2025-12-15', 26.00, 69, '2025-11-15 23:01:04', '2025-11-15 23:01:04'),
(1156, '76087160', 7, '2025-11-15', '2025-12-15', 21.00, 68, '2025-11-16 02:30:59', '2025-11-16 02:30:59'),
(1157, '77944069', 7, '2025-07-28', '2025-12-25', 0.10, 71, '2025-11-16 15:22:58', '2025-11-16 15:23:15'),
(1158, '69527422', 7, '2025-11-16', '2025-12-16', 26.00, 71, '2025-11-16 15:39:11', '2025-11-16 15:39:11'),
(1159, '69527422', 7, '2025-11-16', '2025-12-16', 9.00, 39, '2025-11-16 15:40:00', '2025-11-16 15:40:00'),
(1160, '75967698', 7, '2025-09-01', '2025-11-30', 0.10, 71, '2025-11-16 22:02:35', '2025-11-16 22:02:35'),
(1161, '73565355', 7, '2025-10-10', '2026-01-08', 0.10, 71, '2025-11-16 22:03:29', '2025-11-16 22:03:29'),
(1163, '71883555', 7, '2025-10-18', '2026-01-16', 0.10, 71, '2025-11-16 23:22:45', '2025-11-16 23:22:45'),
(1164, '74839333', 7, '2025-11-16', '2026-02-14', 75.00, 71, '2025-11-16 23:24:48', '2025-11-16 23:24:48'),
(1165, '69018021', 7, '2025-11-17', '2025-12-17', 21.00, 71, '2025-11-17 12:13:07', '2025-11-17 12:13:07'),
(1166, '67887556', 7, '2025-11-17', '2025-12-17', 21.00, 71, '2025-11-17 15:16:48', '2025-11-17 15:16:48'),
(1167, '74018766', 7, '2025-10-08', '2026-01-06', 0.10, 71, '2025-11-17 18:52:11', '2025-11-17 18:52:11'),
(1168, '70052418', 7, '2025-11-18', '2025-12-18', 21.00, 71, '2025-11-18 09:58:08', '2025-11-18 09:58:08'),
(1169, '76660025', 7, '2025-11-18', '2025-12-18', 21.00, 71, '2025-11-18 22:17:16', '2025-11-18 22:17:16'),
(1170, '70164070', 7, '2025-09-03', '2025-12-02', 0.10, 71, '2025-11-19 11:44:01', '2025-11-19 11:44:01'),
(1171, '70757157', 7, '2025-11-19', '2026-02-17', 35.00, 32, '2025-11-19 15:41:30', '2025-11-19 15:41:30'),
(1172, '76817300', 7, '2025-11-19', '2025-12-19', 21.00, 71, '2025-11-19 17:07:28', '2025-11-19 17:07:28'),
(1173, '72873013', 7, '2025-11-19', '2025-12-19', 26.00, 71, '2025-11-19 22:24:26', '2025-11-19 22:24:26'),
(1174, '72873013', 7, '2025-11-19', '2025-12-19', 4.00, 39, '2025-11-19 22:25:10', '2025-11-19 22:25:10'),
(1175, '70780460', 7, '2025-11-19', '2025-12-19', 21.00, 71, '2025-11-20 01:59:26', '2025-11-20 01:59:26'),
(1176, '73423618', 7, '2025-11-20', '2025-12-20', 26.00, 71, '2025-11-20 08:33:34', '2025-11-20 08:33:34'),
(1177, '69410007', 7, '2025-11-20', '2025-12-20', 21.00, 71, '2025-11-20 10:13:38', '2025-11-20 10:13:38'),
(1178, '78918847', 7, '2025-11-20', '2025-12-20', 13.00, 39, '2025-11-20 11:17:15', '2025-11-20 11:17:15'),
(1179, '72843413', 7, '2025-10-16', '2026-01-14', 0.10, 72, '2025-11-20 18:58:24', '2025-11-20 18:58:24'),
(1180, '79508272', 7, '2025-11-20', '2025-12-20', 26.00, 72, '2025-11-20 23:32:27', '2025-11-20 23:32:27'),
(1181, '79508272', 7, '2025-11-20', '2025-12-20', 9.00, 39, '2025-11-20 23:32:51', '2025-11-20 23:32:51'),
(1182, '71438282', 7, '2025-11-20', '2025-12-20', 10.00, 72, '2025-11-21 00:48:54', '2025-11-21 00:48:54'),
(1183, '70765291', 7, '2025-11-21', '2025-12-21', 15.00, 73, '2025-11-21 10:23:46', '2025-11-21 10:23:46'),
(1184, '76531909', 7, '2025-11-21', '2025-12-24', 26.00, 72, '2025-11-21 13:46:15', '2025-11-21 13:46:29'),
(1185, '77208159', 7, '2025-11-21', '2025-12-21', 26.00, 72, '2025-11-21 15:54:25', '2025-11-21 15:54:25'),
(1186, '72007646', 7, '2025-11-21', '2025-12-21', 26.00, 72, '2025-11-21 23:46:43', '2025-11-21 23:46:43'),
(1187, '74218123', 7, '2025-11-22', '2025-12-22', 26.00, 72, '2025-11-22 13:51:23', '2025-11-22 13:51:23'),
(1188, '74221152', 7, '2025-11-22', '2025-12-22', 26.00, 72, '2025-11-22 21:04:59', '2025-11-22 21:04:59'),
(1189, '71000490', 7, '2025-11-22', '2025-12-22', 26.00, 72, '2025-11-22 21:28:47', '2025-11-22 21:28:47'),
(1190, '71000490', 7, '2025-11-22', '2025-12-22', 4.00, 39, '2025-11-22 21:29:02', '2025-11-22 21:29:02'),
(1191, '60642323', 7, '2025-11-22', '2025-12-22', 21.00, 72, '2025-11-22 23:16:43', '2025-11-22 23:16:43'),
(1192, '73751052', 7, '2025-09-11', '2025-12-10', 0.10, 72, '2025-11-23 20:00:03', '2025-11-23 20:00:03');

--
-- Índices para tablas volcadas
--

--
-- Indices de la tabla `cuentas`
--
ALTER TABLE `cuentas`
  ADD PRIMARY KEY (`id`),
  ADD UNIQUE KEY `correo` (`correo`),
  ADD KEY `idx_cuentas_estado` (`estado`);

--
-- Indices de la tabla `vendedores`
--
ALTER TABLE `vendedores`
  ADD PRIMARY KEY (`id`),
  ADD UNIQUE KEY `usuario` (`usuario`);

--
-- Indices de la tabla `ventas`
--
ALTER TABLE `ventas`
  ADD PRIMARY KEY (`id`),
  ADD KEY `cuenta_id` (`cuenta_id`),
  ADD KEY `idx_ventas_vendedor` (`vendedor_id`),
  ADD KEY `idx_ventas_fechas` (`fecha_inicio`,`fecha_fin`);

--
-- AUTO_INCREMENT de las tablas volcadas
--

--
-- AUTO_INCREMENT de la tabla `cuentas`
--
ALTER TABLE `cuentas`
  MODIFY `id` int NOT NULL AUTO_INCREMENT, AUTO_INCREMENT=74;

--
-- AUTO_INCREMENT de la tabla `vendedores`
--
ALTER TABLE `vendedores`
  MODIFY `id` int NOT NULL AUTO_INCREMENT, AUTO_INCREMENT=9;

--
-- AUTO_INCREMENT de la tabla `ventas`
--
ALTER TABLE `ventas`
  MODIFY `id` int NOT NULL AUTO_INCREMENT, AUTO_INCREMENT=1193;

--
-- Restricciones para tablas volcadas
--

--
-- Filtros para la tabla `ventas`
--
ALTER TABLE `ventas`
  ADD CONSTRAINT `ventas_ibfk_1` FOREIGN KEY (`cuenta_id`) REFERENCES `cuentas` (`id`),
  ADD CONSTRAINT `ventas_ibfk_2` FOREIGN KEY (`vendedor_id`) REFERENCES `vendedores` (`id`);
COMMIT;

/*!40101 SET CHARACTER_SET_CLIENT=@OLD_CHARACTER_SET_CLIENT */;
/*!40101 SET CHARACTER_SET_RESULTS=@OLD_CHARACTER_SET_RESULTS */;
/*!40101 SET COLLATION_CONNECTION=@OLD_COLLATION_CONNECTION */;
